SALE TYPE,SOLD DATE,PROPERTY TYPE,ADDRESS,CITY,STATE OR PROVINCE,ZIP OR POSTAL CODE,PRICE,BEDS,BATHS,LOCATION,SQUARE FEET,LOT SIZE,YEAR BUILT,DAYS ON MARKET,$/SQUARE FEET,HOA/MONTH,STATUS,NEXT OPEN HOUSE START TIME,NEXT OPEN HOUSE END TIME,URL (SEE https://www.redfin.com/buy-a-home/comparative-market-analysis FOR INFO ON PRICING),SOURCE,MLS#,FAVORITE,INTERESTED,LATITUDE,LONGITUDE
MLS Listing,,Single Family Residential,59 Ventana Dr,American Canyon,CA,94503,999000,6,3.0,American Canyon,3862,9692,2003,33,259,,Active,,,https://www.redfin.com/CA/American-Canyon/59-Ventana-Dr-94503/home/12222034,BAREIS,323909004,N,Y,38.1580328,-122.24813
MLS Listing,,Condo/Co-op,92 Belvedere Ct,Napa,CA,94559,595000,3,2.0,Napa,1176,2548,1979,48,506,430,Active,,,https://www.redfin.com/CA/Napa/92-Belvedere-Ct-94559/home/12213902,BAREIS,323900127,N,Y,38.2862535,-122.2674476
MLS Listing,,Vacant Land,370 Dutch Henry Canyon Rd,Calistoga,CA,94515,1759000,,,Calistoga,,2614036,,113,,,Active,,,https://www.redfin.com/CA/Calistoga/370-Dutch-Henry-Canyon-Rd-94515/home/107250778,BAREIS,323042000,N,Y,38.5785409,-122.5191938
MLS Listing,,Townhouse,3518 Shelter Creek Dr,Napa,CA,94558,510000,2,1.5,Napa,970,1019,1972,147,526,355,Active,,,https://www.redfin.com/CA/Napa/3518-Shelter-Creek-Dr-94558/home/12204240,BAREIS,323029860,N,Y,38.3269056,-122.2920009
MLS Listing,,Single Family Residential,86 Stonecreek Dr,American Canyon,CA,94503,850000,5,3.0,American Canyon,3003,5205,2004,411,283,,Active,,,https://www.redfin.com/CA/American-Canyon/86-Stonecreek-Dr-94503/home/12223768,BAREIS,322077083,N,Y,38.1670714,-122.2497234
Redfin Data,,Single Family Residential,2406 Shoreline Dr,Napa,CA,94558,865000,3,2.0,Napa,1450,19240,1983,13,597,,Pre On-Market,,,https://www.redfin.com/CA/Napa/2406-Shoreline-Dr-94558/home/12210967,Coming Soon,95136,N,Y,38.314573,-122.2785256
MLS Listing,,Mobile/Manufactured Home,20 Camelia Dr,Napa,CA,94558,265000,2,2.0,Napa Valley Sun Communties,1056,,1972,1,251,,Active,,,https://www.redfin.com/CA/Napa/20-Camelia-Dr-94558/home/187967102,BAREIS,323917024,N,Y,38.3496276,-122.3315882
MLS Listing,,Single Family Residential,3002 Cuttings Wharf Rd,Napa,CA,94559,2195000,3,2.0,Napa,2460,29259,1923,1,892,,Active,October-14-2023 01:00 PM,October-14-2023 04:00 PM,https://www.redfin.com/CA/Napa/3002-Cuttings-Wharf-Rd-94559/home/12214200,BAREIS,323916988,N,Y,38.235327,-122.3130769
MLS Listing,,Condo/Co-op,336 Pear Tree Ter Unit C,Napa,CA,94558,825000,3,2.5,Napa,1728,1281,2021,1,477,302,Active,October-14-2023 01:00 PM,October-14-2023 04:00 PM,https://www.redfin.com/CA/Napa/336-Pear-Tree-Ter-94558/unit-C/home/172772512,BAREIS,323915316,N,Y,38.321011,-122.290305
MLS Listing,,Single Family Residential,448 Country Club Ln,Napa,CA,94558,718448,3,2.0,Circle Oaks 01,1600,10019,1986,1,449,33,Active,October-13-2023 04:00 PM,October-13-2023 06:00 PM,https://www.redfin.com/CA/Napa/448-Country-Club-Ln-94558/home/12200823,BAREIS,323917283,N,Y,38.4107411,-122.2149751
MLS Listing,,Condo/Co-op,6948 Yount St,Yountville,CA,94599,2100000,2,2.0,Yountville,1532,2553,1982,1,1371,637,Active,,,https://www.redfin.com/CA/Yountville/6948-Yount-St-94599/home/12200590,BAREIS,323913604,N,Y,38.40963,-122.365436
MLS Listing,,Single Family Residential,889 Laguna St,Napa,CA,94558,725000,3,2.0,Eastwoods Gardens,1337,6020,1960,1,542,,Active,,,https://www.redfin.com/CA/Napa/889-Laguna-St-94558/home/12186069,BAREIS,323917381,N,Y,38.3173186,-122.2914603
MLS Listing,,Townhouse,1649 San Vicente Dr,Napa,CA,94558,734900,3,2.0,Napa,1851,3964,1988,1,397,351,Active,October-14-2023 11:00 AM,October-14-2023 01:00 PM,https://www.redfin.com/CA/Napa/1649-San-Vicente-Ave-94558/home/12203167,BAREIS,323916960,N,Y,38.336839,-122.3156947
MLS Listing,,Single Family Residential,2180 Patton Ave,Napa,CA,94559,1995000,5,4.0,Napa,2198,45041,1961,1,908,,Active,October-12-2023 10:00 AM,October-12-2023 12:00 PM,https://www.redfin.com/CA/Napa/2180-Patton-Ave-94559/home/12213248,BAREIS,323914649,N,Y,38.2808093,-122.2562667
MLS Listing,,Single Family Residential,1193 London Way,Napa,CA,94559,918000,4,2.0,Napa,1613,6120,1954,1,569,,Active,,,https://www.redfin.com/CA/Napa/1193-London-Way-94559/home/12212793,San Francisco MLS,323914479,N,Y,38.28403,-122.2645247
MLS Listing,,Single Family Residential,1313 Hestia Way,Napa,CA,94558,2750000,4,3.0,NAPA,2489,63678,1970,2,1105,,Active,,,https://www.redfin.com/CA/Napa/1313-Hestia-Way-94558/home/12214873,MLSListings,ML81944514,N,Y,38.3303335,-122.2603817
MLS Listing,,Single Family Residential,1162 Pennyroyal St,Napa,CA,94559,2150000,5,3.5,Napa,3872,18796,2019,2,555,203,Active,,,https://www.redfin.com/CA/Napa/1162-Pennyroyal-St-94559/home/167262742,BAREIS,323916968,N,Y,38.292405,-122.2649013
MLS Listing,,Mobile/Manufactured Home,141 Chablis Cir,Yountville,CA,94599,182500,2,2.0,Bella Vista,960,,1973,2,190,,Active,,,https://www.redfin.com/CA/Yountville/141-Chablis-Cir-94599/home/187894618,BAREIS,323053191,N,Y,38.3983071,-122.355896
MLS Listing,,Single Family Residential,2180 Shurtleff Ave,Napa,CA,94559,799000,3,2.0,Cayetano Juarez Estate,1296,8006,1951,2,617,,Active,October-15-2023 01:00 PM,October-15-2023 03:00 PM,https://www.redfin.com/CA/Napa/2180-Shurtleff-Ave-94559/home/12213059,BAREIS,323916748,N,Y,38.281531,-122.2635056
MLS Listing,,Mobile/Manufactured Home,4 San Juan Ct,St. Helena,CA,94574,330000,2,2.0,Vineyard Valley Mobile Home Park,1536,,1986,2,215,,Active,,,https://www.redfin.com/CA/Saint-Helena/4-San-Juan-Ct-94574/home/12222943,BAREIS,323916110,N,Y,38.5117236,-122.4613788
MLS Listing,,Single Family Residential,940 Galleron Rd,St. Helena,CA,94574,5950000,3,2.0,St. Helena,2336,336283,1974,2,2547,,Active,,,https://www.redfin.com/CA/St-Helena/940-Galleron-Rd-94574/home/187879276,BAREIS,323915837,N,Y,38.4814881,-122.4211277
MLS Listing,,Vacant Land,421 Bear Creek Cir,Napa,CA,94558,625000,,,Silverado Highlands,,3311,,3,,483,Active,,,https://www.redfin.com/CA/Napa/421-Bear-Creek-Cir-94558/home/12219863,BAREIS,323916171,N,Y,38.3574636,-122.2533067
MLS Listing,,Single Family Residential,1101 Castle Oaks Dr,Napa,CA,94558,3150000,3,3.5,Silverado Highlands,3116,25265,2021,5,1011,483,Active,,,https://www.redfin.com/CA/Napa/1101-Castle-Oaks-Dr-94558/home/12219855,BAREIS,323916130,N,Y,38.3566379,-122.2541779
MLS Listing,,Single Family Residential,2460 Adrian St,Napa,CA,94558,743000,3,2.0,Napa,1225,7113,1963,5,607,,Active,,,https://www.redfin.com/CA/Napa/2460-Adrian-St-94558/home/12185004,BAREIS,323915064,N,Y,38.3135693,-122.2932286
MLS Listing,,Vacant Land,0 St. Helena Hwy,Calistoga,CA,94515,1125000,,,Calistoga,,182952,,5,,,Active,,,https://www.redfin.com/CA/Calistoga/0-St-Helena-Hwy-94515/home/172720216,BAREIS,323913713,N,Y,38.5700132,-122.5671732
MLS Listing,,Single Family Residential,4104 St. Helena Hwy,Calistoga,CA,94515,2322000,4,2.0,Calistoga,2304,138956,1906,5,1008,,Active,,,https://www.redfin.com/CA/Calistoga/4104-Saint-Helena-Hwy-94515/home/12220467,BAREIS,323052698,N,Y,38.5639434,-122.5391966
MLS Listing,,Single Family Residential,1883 Heritage Way,Yountville,CA,94599,2649500,4,2.5,Yountville,2762,8429,1994,5,959,,Active,,,https://www.redfin.com/CA/Yountville/1883-Heritage-Way-94599/home/12202898,BAREIS,323916376,N,Y,38.4038753,-122.3572905
MLS Listing,,Single Family Residential,2517 Rigdon St,Napa,CA,94558,1349000,4,2.0,Four Oaks,2101,12384,1976,5,642,,Active,October-12-2023 10:00 AM,October-12-2023 01:00 PM,https://www.redfin.com/CA/Napa/2517-Rigdon-St-94558/home/12192803,BAREIS,323915778,N,Y,38.3217213,-122.3278004
MLS Listing,,Single Family Residential,244 Foothill Blvd,Napa,CA,94558,499000,2,1.0,Napa,994,5493,1947,6,502,,Active,,,https://www.redfin.com/CA/Napa/244-Foothill-Blvd-94558/home/12188874,BAREIS,323916168,N,Y,38.290602,-122.3099419
MLS Listing,,Mobile/Manufactured Home,151 Gamay Cir,Yountville,CA,94599,291000,2,2.0,Bella Vista Park,1423,,1999,6,204,,Active,,,https://www.redfin.com/CA/Yountville/151-Gamay-Cir-94599/home/22603946,BAREIS,323916225,N,Y,38.3985119,-122.3552319
MLS Listing,,Single Family Residential,2188 Locust St,Napa,CA,94559,599000,3,2.0,South Ext Gordon Terrace,1308,7301,1952,6,458,,Active,,,https://www.redfin.com/CA/Napa/2188-Locust-St-94559/home/12189759,BAREIS,323916203,N,Y,38.2847102,-122.2981946
MLS Listing,,Single Family Residential,10 Oakstone Ct,American Canyon,CA,94503,954000,6,3.0,American Canyon,3164,6168,2006,6,302,,Active,,,https://www.redfin.com/CA/American-Canyon/10-Oakstone-Ct-94503/home/12223895,San Francisco MLS,323916235,N,Y,38.1706735,-122.2423856
MLS Listing,,Single Family Residential,1515 Filmore St,Calistoga,CA,94515,600000,2,1.0,Calistoga,1138,7798,1950,6,527,,Active,,,https://www.redfin.com/CA/Calistoga/1515-Filmore-St-94515/home/12195596,BAREIS,323916186,N,Y,38.5840198,-122.583739
MLS Listing,,Single Family Residential,242 Landana St,American Canyon,CA,94503,649000,3,2.0,American Canyon,1032,9980,1957,6,629,,Active,,,https://www.redfin.com/CA/American-Canyon/242-Landana-St-94503/home/12217167,BAREIS,323916109,N,Y,38.1754674,-122.2666958
MLS Listing,,Townhouse,3146 Valley Green Ln,Napa,CA,94558,685000,3,2.5,Valley Green,1724,2723,1964,6,397,229,Active,,,https://www.redfin.com/CA/Napa/3146-Valley-Green-Ln-94558/home/12215730,BAREIS,323915822,N,Y,38.303466,-122.3245063
MLS Listing,,Single Family Residential,137 Capstone Ct,Napa,CA,94559,1625000,5,3.0,Napa,3328,9871,2000,6,488,,Active,October-14-2023 11:00 AM,October-14-2023 02:00 PM,https://www.redfin.com/CA/Napa/137-Capstone-Ct-94559/home/12220291,BAREIS,323914517,N,Y,38.2874779,-122.263417
MLS Listing,,Single Family Residential,3023 Coombsville Rd,Napa,CA,94558,549000,3,1.5,Napa,1404,8481,1952,6,391,,Active,,,https://www.redfin.com/CA/Napa/3023-Coombsville-Rd-94558/home/12212074,BAREIS,323915733,N,Y,38.2945609,-122.2446767
MLS Listing,,Single Family Residential,2506 Linda Vista Ave,Napa,CA,94558,829000,3,2.0,Napa,1354,12188,1957,6,612,,Active,,,https://www.redfin.com/CA/Napa/2506-Linda-Vista-Ave-94558/home/12208685,BAREIS,323915962,N,Y,38.3072855,-122.3145829
MLS Listing,,Condo/Co-op,3 Blossom Ct E,Napa,CA,94558,535000,2,2.0,Napa,1212,,1984,7,441,395,Active,October-14-2023 12:00 AM,October-14-2023 02:00 PM,https://www.redfin.com/CA/Napa/3-Blossom-Ct-E-94558/home/12209878,BAREIS,323915813,N,Y,38.2815218,-122.3038516
MLS Listing,,Single Family Residential,706 S Minahen St,Napa,CA,94559,685000,3,2.0,Napa,1287,6264,1955,7,532,,Active,,,https://www.redfin.com/CA/Napa/706-S-Minahen-St-94559/home/12209651,BAREIS,323915491,N,Y,38.2784523,-122.2962899
MLS Listing,,Single Family Residential,1508 Milton Rd,Napa,CA,94559,1295000,5,3.0,Napa,3072,10594,1994,7,422,,Active,,,https://www.redfin.com/CA/Napa/1508-Milton-Rd-94559/home/12214299,BAREIS,323915714,N,Y,38.2085018,-122.308159
MLS Listing,,Single Family Residential,1017 Donaldson Way,American Canyon,CA,94503,739000,3,2.0,American Canyon,1464,9491,1994,7,505,,Active,,,https://www.redfin.com/CA/American-Canyon/1017-Donaldson-Way-94503/home/12218766,BAREIS,323914943,N,Y,38.1779973,-122.2647003
MLS Listing,,Single Family Residential,58 Summerbrooke Cir,Napa,CA,94558,1030000,3,2.5,Napa,2682,5663,1999,7,384,,Active,,,https://www.redfin.com/CA/Napa/58-Summerbrooke-Cir-94558/home/12205173,BAREIS,323915085,N,Y,38.3299721,-122.2981225
MLS Listing,,Single Family Residential,1042 Oakmont Ct,Napa,CA,94559,1410000,3,2.5,Napa,2201,18439,1985,7,641,,Active,,,https://www.redfin.com/CA/Napa/1042-Oakmont-Ct-94559/home/12212348,BAREIS,323915431,N,Y,38.2944146,-122.2653444
MLS Listing,,Townhouse,1100 Foster Rd,Napa,CA,94558,849000,2,2.5,Napa,1310,,,7,648,450,Active,October-12-2023 12:00 AM,October-12-2023 02:00 PM,https://www.redfin.com/CA/Napa/1100-Foster-Rd-94558/home/176798753,San Francisco MLS,323915708,N,Y,38.279088,-122.305688
MLS Listing,,Townhouse,1092 Foster Rd,Napa,CA,94558,899000,2,2.5,Napa,1360,,,7,661,450,Active,October-12-2023 12:00 AM,October-12-2023 02:00 PM,https://www.redfin.com/CA/Napa/1092-Foster-Rd-94558/home/176798756,San Francisco MLS,323915700,N,Y,38.279185,-122.305697
MLS Listing,,Single Family Residential,2220 Georgia St,Napa,CA,94559,745000,3,2.0,Napa,1287,5432,1956,7,579,,Active,,,https://www.redfin.com/CA/Napa/2220-Georgia-St-94559/home/12186481,BAREIS,323912720,N,Y,38.3070853,-122.2970969
MLS Listing,,Single Family Residential,106 Heun Ln,Napa,CA,94558,1325000,4,2.0,Napa,2144,8912,2018,7,618,60,Active,,,https://www.redfin.com/CA/Napa/106-Heun-Ln-94558/home/118821609,BAREIS,323915281,N,Y,38.2966246,-122.3140512
MLS Listing,,Single Family Residential,1056 Berry Ln,Napa,CA,94558,1250000,3,2.5,Napa,1849,43560,1956,7,676,,Active,,,https://www.redfin.com/CA/Napa/1056-Berry-Ln-94558/home/12212087,BAREIS,323915664,N,Y,38.291621,-122.2453369
MLS Listing,,Single Family Residential,2710 Hillcrest Dr,Napa,CA,94558,3200000,3,4.0,Napa,4000,19153,1974,8,800,,Active,,,https://www.redfin.com/CA/Napa/2710-Hillcrest-Dr-94558/home/12219753,BAREIS,323913892,N,Y,38.3500369,-122.2540671
MLS Listing,,Single Family Residential,2401 Shoreline Dr,Napa,CA,94558,854000,4,2.0,Napa,1654,8211,1984,8,516,,Active,October-15-2023 12:00 PM,October-15-2023 02:00 PM,https://www.redfin.com/CA/Napa/2401-Shoreline-Dr-94558/home/12210951,BAREIS,323915245,N,Y,38.3148924,-122.2794117
MLS Listing,,Vacant Land,3027 Foothill Blvd,Calistoga,CA,94515,1200000,,,Calistoga,,475675,,9,,,Active,,,https://www.redfin.com/CA/Calistoga/3027-Foothill-Blvd-94515/home/77429751,BAREIS,323915356,N,Y,38.5854078,-122.6033765
MLS Listing,,Single Family Residential,3260 State Highway 128,Calistoga,CA,94515,1999500,5,2.0,Calistoga,2214,47916,1920,9,903,,Active,,,https://www.redfin.com/CA/Calistoga/3260-State-Highway-128-94515/home/12197689,BAREIS,323911588,N,Y,38.594754,-122.613732
MLS Listing,,Condo/Co-op,582 Rainbow Dr,Napa,CA,94558,769000,3,2.5,Napa,1684,2452,1981,9,457,497,Active,,,https://www.redfin.com/CA/Napa/582-Rainbow-Dr-94558/home/12210978,BAREIS,323914255,N,Y,38.3190539,-122.2829559
MLS Listing,,Single Family Residential,1169 Westview Dr,Napa,CA,94558,1098000,3,2.0,Napa,1649,8503,1988,9,666,,Active,,,https://www.redfin.com/CA/Napa/1169-Westview-Dr-94558/home/12207098,BAREIS,323913751,N,Y,38.3146265,-122.3321417
MLS Listing,,Single Family Residential,3230 Old Lawley Toll Rd,Calistoga,CA,94515,4980000,7,7.5,Calistoga,5379,188615,1994,9,926,,Active,,,https://www.redfin.com/CA/Calistoga/3230-Old-Lawley-Toll-Rd-94515/home/12197613,San Francisco MLS,323915248,N,Y,38.6167678,-122.5940709
MLS Listing,,Single Family Residential,6582 Oak Leaf Ct,Yountville,CA,94599,2700000,3,2.5,Yountville,2490,10019,1992,9,1084,,Active,,,https://www.redfin.com/CA/Yountville/6582-Oak-Leaf-Ct-94599/home/12201950,BAREIS,323914485,N,Y,38.4008687,-122.3582423
MLS Listing,,Mobile/Manufactured Home,6468 Washington St #223,Yountville,CA,94599,379000,3,2.0,Rancho de Napa,1620,,2007,9,234,,Active,,,https://www.redfin.com/CA/Yountville/6468-Washington-St-94599/unit-223/home/21927073,BAREIS,323904877,N,Y,38.400443,-122.355254
MLS Listing,,Single Family Residential,640 Silverado Trl,Napa,CA,94559,899000,3,2.0,Napa,1315,5040,1942,9,684,,Active,,,https://www.redfin.com/CA/Napa/640-Silverado-Trl-94559/home/12191423,BAREIS,323914165,N,Y,38.2970221,-122.2749812
MLS Listing,,Multi-Family (2-4 Unit),1422 - 1424 Park Ave,Napa,CA,94558,699000,4,2.0,Agricultural Park,1600,9148,1974,9,437,,Active,,,https://www.redfin.com/CA/Napa/1422-Park-Ave-94558/home/12184938,BAREIS,323915054,N,Y,38.3126199,-122.2994349
MLS Listing,,Single Family Residential,2691 Indiana St,Napa,CA,94558,699000,4,2.0,COVENTRY MANOR,1395,6495,1955,11,501,,Active,October-11-2023 04:00 PM,October-11-2023 06:00 PM,https://www.redfin.com/CA/Napa/2691-Indiana-St-94558/home/12189455,BAREIS,323914370,N,Y,38.2843593,-122.3064333
MLS Listing,,Mobile/Manufactured Home,17 San Juan,St. Helena,CA,94574,395000,2,2.0,Vineyard Valley MHP,1440,,1986,11,274,,Active,,,https://www.redfin.com/CA/Saint-Helena/17-San-Juan-Ct-94574/home/12222949,BAREIS,323914941,N,Y,38.5110045,-122.4615966
MLS Listing,,Single Family Residential,3681 Harkness St,Napa,CA,94558,725000,3,2.0,Napa,1261,6072,1960,11,575,,Active,,,https://www.redfin.com/CA/Napa/3681-Harkness-St-94558/home/12186147,San Francisco MLS,323913015,N,Y,38.326478,-122.3130326
MLS Listing,,Single Family Residential,1423 Seminary St,Napa,CA,94559,899000,2,2.0,Napa,754,5358,1920,12,1192,,Active,,,https://www.redfin.com/CA/Napa/1423-Seminary-St-94559/home/12187551,BAREIS,323912056,N,Y,38.3009688,-122.2906641
MLS Listing,,Condo/Co-op,359 Freeway Dr,Napa,CA,94558,475999,2,1.5,Napa,1200,1233,1984,12,397,318,Active,,,https://www.redfin.com/CA/Napa/359-Freeway-Dr-94558/home/12190073,BAREIS,323913023,N,Y,38.292632,-122.3026241
MLS Listing,,Single Family Residential,1355 Loma Vista Dr,Napa,CA,94558,9800000,6,6.5,Napa,5531,744876,2023,12,1772,,Active,,,https://www.redfin.com/CA/Napa/1355-Loma-Vista-Dr-94558/home/12205754,BAREIS,323914674,N,Y,38.3879232,-122.2949942
MLS Listing,,Condo/Co-op,20 Village Pkwy,Napa,CA,94558,579000,2,2.5,Napa,1376,584,1985,12,421,519,Active,,,https://www.redfin.com/CA/Napa/20-Village-Pkwy-94558/home/12209746,BAREIS,323914572,N,Y,38.2797523,-122.3056344
MLS Listing,,Vacant Land,135 Poppy Ln,Napa,CA,94558,225000,,,Berryessa Highlands,,37793,,12,,,Active,,,https://www.redfin.com/CA/Napa/135-Poppy-Ln-94558/home/12198131,BAREIS,323914465,N,Y,38.5102585,-122.1932512
MLS Listing,,Vacant Land,1359 Steele Canyon Rd,Napa,CA,94558,49000,,,Napa,,11761,,13,,,Active,,,https://www.redfin.com/CA/Napa/1359-Steele-Canyon-Rd-94558/home/187731087,CRMLS,IV23176775,N,Y,38.5130407,-122.1933181
MLS Listing,,Single Family Residential,3967 Lassen St,Napa,CA,94558,799000,3,2.0,Valencia Gardens,1392,6159,1973,13,574,,Active,,,https://www.redfin.com/CA/Napa/3967-Lassen-St-94558/home/12204399,MetroList,323911800,N,Y,38.3337829,-122.314402
MLS Listing,,Vacant Land,6145 Wild Horse Valley Rd,Napa,CA,94558,279000,,,Napa,,67954,,14,,,Active,,,https://www.redfin.com/CA/Napa/6145-Wild-Horse-Valley-Rd-94558/home/12216341,BAREIS,323912604,N,Y,38.294595,-122.216275
MLS Listing,,Single Family Residential,2125 Ranch Ct,Napa,CA,94558,1695000,4,3.5,Napa,3455,8690,2006,14,491,,Active,,,https://www.redfin.com/CA/Napa/2125-Ranch-Ct-94558/home/12224501,BAREIS,323913600,N,Y,38.3291707,-122.293612
MLS Listing,,Vacant Land,1990 Greenwood Ave,Calistoga,CA,94515,4500000,,,Calistoga,,625086,,15,,,Active,,,https://www.redfin.com/CA/Calistoga/1990-Greenwood-Ave-94515/home/22601260,BAREIS,323913046,N,Y,38.5925708,-122.5905704
MLS Listing,,Single Family Residential,1549 Riesling Way,St. Helena,CA,94574,1395000,3,2.5,St. Helena,2411,9749,1978,15,579,,Active,,,https://www.redfin.com/CA/Saint-Helena/1549-Reisling-Way-94574/home/12194825,BAREIS,323913628,N,Y,38.4948689,-122.481817
MLS Listing,,Single Family Residential,1445 Tainter St,St. Helena,CA,94574,1725000,3,2.0,St. Helena,972,7098,1883,15,1775,,Active,,,https://www.redfin.com/CA/Saint-Helena/1445-Tainter-St-94574/home/12194018,CRMLS,NP23179263,N,Y,38.5021065,-122.4710609
MLS Listing,,Single Family Residential,2151 Navarre St,Napa,CA,94559,850000,3,2.0,Napa,1100,5746,1967,16,773,,Active,,,https://www.redfin.com/CA/Napa/2151-Navarre-St-94559/home/12213343,BAREIS,323913498,N,Y,38.2809977,-122.2594101
MLS Listing,,Mobile/Manufactured Home,3000 - 3000 Broadway St #96,American Canyon,CA,94503,125000,2,1.0,Las Casitas,672,,1970,16,186,,Active,,,https://www.redfin.com/CA/American-Canyon/3000-Broadway-94503/unit-96/home/187661061,BAREIS,323913451,N,Y,38.1631705,-122.2504776
MLS Listing,,Single Family Residential,1027 Round Hill Ct,Napa,CA,94558,1335000,4,3.0,Napa,2050,10041,1975,16,651,,Active,,,https://www.redfin.com/CA/Napa/1027-Round-Hill-Ct-94558/home/12215439,BAREIS,323913429,N,Y,38.3028309,-122.3373489
MLS Listing,,Multi-Family (2-4 Unit),304 - 308 Minahen St,Napa,CA,94559,1075000,4,2.0,Napa,1720,11016,,16,625,,Active,,,https://www.redfin.com/CA/Napa/304-Minahen-St-94559/home/12189772,BAREIS,323912956,N,Y,38.2857015,-122.3001436
MLS Listing,,Single Family Residential,3380 State Highway 128,Calistoga,CA,94515,1490000,7,8.0,Calistoga,8300,183388,2021,16,180,,Active,,,https://www.redfin.com/CA/Calistoga/3380-CA-128-94515/home/181350330,BAREIS,323913348,N,Y,38.598241,-122.618024
MLS Listing,,Single Family Residential,2317 Ethel Porter Dr,Napa,CA,94558,689000,3,2.0,Napa,1042,6011,1955,16,661,,Active,,,https://www.redfin.com/CA/Napa/2317-Ethel-Porter-Dr-94558/home/12207553,BAREIS,323912973,N,Y,38.3180551,-122.3161992
MLS Listing,,Single Family Residential,3924 Oxford St,Napa,CA,94558,849000,3,2.0,Napa,1245,5467,1991,16,682,,Active,,,https://www.redfin.com/CA/Napa/3924-Oxford-St-94558/home/12192666,BAREIS,323913325,N,Y,38.3279951,-122.320917
MLS Listing,,Single Family Residential,47 Blackberry Dr,Napa,CA,94558,1030000,4,2.5,Napa,2414,5053,1999,17,427,,Active,,,https://www.redfin.com/CA/Napa/47-Blackberry-Dr-94558/home/12205302,BAREIS,323911648,N,Y,38.3280778,-122.2991345
MLS Listing,,Mobile/Manufactured Home,3000 Broadway St #92,American Canyon,CA,94503,165000,2,2.0,Las Casitas,1080,,1971,18,153,,Active,,,https://www.redfin.com/CA/American-Canyon/3000-Broadway-94503/unit-92/home/146591604,BAREIS,323913180,N,Y,38.1631099,-122.2504333
MLS Listing,,Single Family Residential,1746 Vineyard Ave,St. Helena,CA,94574,2200000,4,3.0,St. Helena,2136,7362,1949,19,1030,,Active,October-15-2023 12:00 PM,October-15-2023 03:00 PM,https://www.redfin.com/CA/Saint-Helena/1746-Vineyard-Ave-94574/home/12193900,BAREIS,323913052,N,Y,38.5040513,-122.4788062
MLS Listing,,Single Family Residential,118 Stonewalk Ct,Vallejo,CA,94589,519000,3,2.0,ADOBE RIDGE,1324,6534,1985,19,392,,Active,October-11-2023 12:00 PM,October-11-2023 03:00 PM,https://www.redfin.com/CA/Vallejo/118-Stonewalk-Ct-94589/home/2278311,"bridgeMLS, Bay East AOR, or Contra Costa AOR",41040014,N,Y,38.1545437,-122.2460903
MLS Listing,,Single Family Residential,1533 Allyn Ave,St. Helena,CA,94574,3950000,4,4.5,St. Helena,3012,9257,1947,19,1311,,Active,,,https://www.redfin.com/CA/Saint-Helena/1533-Allyn-Ave-94574/home/12194163,BAREIS,323910873,N,Y,38.5016106,-122.4764664
MLS Listing,,Single Family Residential,18 Condor Ct,American Canyon,CA,94503,830000,5,3.0,Not Listed,3074,12750,2001,19,270,,Active,,,https://www.redfin.com/CA/American-Canyon/18-Condor-Ct-94503/home/12220651,"bridgeMLS, Bay East AOR, or Contra Costa AOR",41039992,N,Y,38.1564685,-122.245666
MLS Listing,,Single Family Residential,34 Joshua Ct,Napa,CA,94558,1679000,4,3.0,Cole Ranch,2878,7919,2003,19,583,,Active,,,https://www.redfin.com/CA/Napa/34-Joshua-Ct-94558/home/12222139,BAREIS,323910226,N,Y,38.3387471,-122.3135476
MLS Listing,,Single Family Residential,760 Zinfandel Ln,St. Helena,CA,94574,5750000,5,4.0,St. Helena,4100,47480,2018,19,1402,,Active,,,https://www.redfin.com/CA/Saint-Helena/760-Zinfandel-Ln-94574/home/12200465,BAREIS,323905472,N,Y,38.4858344,-122.438694
MLS Listing,,Single Family Residential,1729 Alexander Ct,St. Helena,CA,94574,2500000,3,2.5,St. Helena,2109,5685,1920,19,1185,,Active,,,https://www.redfin.com/CA/Saint-Helena/1729-Alexander-Ct-94574/home/12193872,BAREIS,323912771,N,Y,38.5072004,-122.475304
MLS Listing,,Vacant Land,1680 Los Carneros,Napa,CA,94559,2900000,,,Napa,439869,439869,,20,7,,Active,,,https://www.redfin.com/CA/Napa/1680-Los-Carneros-Ave-94559/home/187629854,"bridgeMLS, Bay East AOR, or Contra Costa AOR",41039883,N,Y,38.2435007,-122.3209158
MLS Listing,,Single Family Residential,3628 Jomar Dr,Napa,CA,94558,859000,3,2.0,Napa,1557,7174,1962,20,552,,Active,October-13-2023 05:00 PM,October-13-2023 07:00 PM,https://www.redfin.com/CA/Napa/3628-Jomar-Dr-94558/home/12193179,BAREIS,323912518,N,Y,38.3218922,-122.3222886
MLS Listing,,Single Family Residential,114 Glass Mountain Ln,St. Helena,CA,94574,2499000,3,3.0,St. Helena,1691,56628,1951,20,1478,,Active,October-14-2023 01:00 PM,October-14-2023 04:00 PM,https://www.redfin.com/CA/Saint-Helena/114-Glass-Mountain-Rd-94574/home/12198783,San Francisco MLS,323907189,N,Y,38.5369192,-122.4798492
MLS Listing,,Single Family Residential,800 Zinfandel Ln,St. Helena,CA,94574,4950000,3,3.5,St. Helena,3377,54886,1984,20,1466,,Active,,,https://www.redfin.com/CA/Saint-Helena/800-Zinfandel-Ln-94574/home/12200480,BAREIS,323910846,N,Y,38.4855429,-122.4393366
MLS Listing,,Vacant Land,1119 Rimrock Dr,Napa,CA,94558,149000,,,Berryessa Hlnds #1,,9744,,20,,,Active,,,https://www.redfin.com/CA/Napa/1119-Rimrock-Dr-94558/home/12198164,BAREIS,323912211,N,Y,38.508216,-122.1899257
MLS Listing,,Single Family Residential,59 Skipping Rock Way,Napa,CA,94558,945000,3,2.5,Napa,1713,5101,1999,21,552,,Active,,,https://www.redfin.com/CA/Napa/59-Skipping-Rock-Way-94558/home/12205287,BAREIS,323912317,N,Y,38.3267584,-122.2980617
MLS Listing,,Townhouse,3155 Valley Green Ln,Napa,CA,94558,569000,3,2.0,Valley Green,1200,2797,1972,21,474,229,Active,,,https://www.redfin.com/CA/Napa/3155-Valley-Green-Ln-94558/home/12215754,BAREIS,323910465,N,Y,38.3029969,-122.3249457
MLS Listing,,Single Family Residential,1210 Soda Canyon Rd,Napa,CA,94558,2495000,4,2.0,Napa,2886,43560,1949,21,865,,Active,,,https://www.redfin.com/CA/Napa/1210-Soda-Canyon-Rd-94558/home/12205410,BAREIS,323912047,N,Y,38.3658678,-122.2848165
MLS Listing,,Single Family Residential,2235 Sea Hero Ct,Napa,CA,94559,698000,3,2.5,Sheveland Ranch,1722,3123,2006,21,405,185,Active,,,https://www.redfin.com/CA/Napa/2235-Sea-Hero-Ct-94559/home/12224100,BAREIS,323911619,N,Y,38.2762677,-122.2981605
MLS Listing,,Single Family Residential,4536 Linda Vista Ave,Napa,CA,94558,1279999,3,3.0,Napa,1526,18766,1955,21,839,,Active,,,https://www.redfin.com/CA/Napa/4536-Linda-Vista-Ave-94558/home/12201665,BAREIS,323905085,N,Y,38.3338307,-122.3305697
MLS Listing,,Single Family Residential,466 Hollis Ln,St. Helena,CA,94574,1870000,3,2.0,St. Helena,2000,26336,1951,22,935,,Active,,,https://www.redfin.com/CA/Saint-Helena/466-Hollis-St-94574/home/12193618,BAREIS,323911744,N,Y,38.5100936,-122.4616778
MLS Listing,,Mobile/Manufactured Home,150 Silveradro Trl #8,Napa,CA,94558,155000,2,2.0,Silverado Pines,1334,,1970,22,116,,Active,,,https://www.redfin.com/CA/Napa/150-Silverado-Trl-94559/unit-8/home/113000685,BAREIS,323911789,N,Y,38.2890924,-122.2728878
MLS Listing,,Vacant Land,0 Old Lawley Toll Rd,Calistoga,CA,94515,7950000,,,Calistoga,,1397405,,23,,,Active,,,https://www.redfin.com/CA/Unknown/Old-Lawley-Toll-Rd-94515/home/21822948,BAREIS,323911651,N,Y,38.617496,-122.594193
MLS Listing,,Vacant Land,1103 Westridge Dr,Napa,CA,94558,60000,,,Berryessa Highlands,,12632,,23,,,Active,,,https://www.redfin.com/CA/Napa/1103-Westridge-Dr-94558/home/187550276,BAREIS,323911434,N,Y,38.513314,-122.183881
MLS Listing,,Single Family Residential,1610 Sulphur Springs Ave,St. Helena,CA,94574,4750000,4,3.0,St. Helena,3690,23684,1951,23,1287,,Active,,,https://www.redfin.com/CA/Saint-Helena/1610-Sulphur-Springs-Ave-94574/home/12194362,BAREIS,323909140,N,Y,38.4910314,-122.4603158
MLS Listing,,Single Family Residential,3651 Dover St,Napa,CA,94558,699000,3,2.0,Northwood,1420,5959,1958,23,492,,Active,,,https://www.redfin.com/CA/Napa/3651-Dover-St-94558/home/12193221,BAREIS,323911414,N,Y,38.3224509,-122.3180384
MLS Listing,,Single Family Residential,108 Pewter St,American Canyon,CA,94503,639990,3,2.5,Watson Ranch,1583,4015,2023,24,404,140,Active,October-12-2023 12:00 AM,October-12-2023 03:00 PM,https://www.redfin.com/CA/American-Canyon/108-Pewter-ST-94503/home/187530020,MetroList,323911451,N,Y,38.1749178,-122.2608044
MLS Listing,,Single Family Residential,1419 Mini Dr,Vallejo,CA,94589,355500,3,2.0,Vallejo,1099,5227,1954,24,323,,Active,,,https://www.redfin.com/CA/Vallejo/1419-Mini-Dr-94589/home/2256656,BAREIS,323051874,N,Y,38.1536615,-122.2554108
MLS Listing,,Mobile/Manufactured Home,17 Los Robles Ct,St. Helena,CA,94574,415000,2,2.0,Vineyard Valley Mobile Home Park,1584,,1986,25,262,1104,Active,,,https://www.redfin.com/CA/Saint-Helena/17-Los-Robles-Ct-94574/home/12223030,BAREIS,323909446,N,Y,38.5115319,-122.4591352
MLS Listing,,Mobile/Manufactured Home,2412 Foothill Blvd #43,Calistoga,CA,94515,98700,2,2.0,Rancho de Calistoga,1152,,1972,25,86,,Active,,,https://www.redfin.com/CA/Calistoga/2412-Foothill-Blvd-94515/unit-43/home/58839769,BAREIS,323911340,N,Y,38.5824822,-122.5921633
MLS Listing,,Condo/Co-op,1419 Stanly Ln Unit 9B,Napa,CA,94559,4200000,2,2.5,Napa,1720,,,26,2442,5412,Active,,,https://www.redfin.com/CA/Napa/1419-Stanly-Ln-94559/unit-9B/home/187523281,San Francisco MLS,323911165,N,Y,38.2449541,-122.2945957
MLS Listing,,Condo/Co-op,1405 Stanly Ln Unit 3D,Napa,CA,94559,4695000,2,2.5,Napa,1725,,,26,2722,5412,Active,,,https://www.redfin.com/CA/Napa/1405-Stanly-Ln-94559/unit-3D/home/187522985,San Francisco MLS,323910756,N,Y,38.2465064,-122.3006087
MLS Listing,,Mobile/Manufactured Home,45 Laguna Seca Ct,St. Helena,CA,94574,265000,2,2.0,Vineyard Valley Mobile Home Park,1536,,1986,26,173,,Active,,,https://www.redfin.com/CA/Saint-Helena/45-Laguna-Seca-Ct-94574/home/22604051,BAREIS,323911076,N,Y,38.513279,-122.460054
MLS Listing,,Mobile/Manufactured Home,308 Patty Way,Napa,CA,94558,300000,2,2.0,Napa Valley Sun Community,1040,,2004,26,288,,Active,,,https://www.redfin.com/CA/Napa/308-Patty-Way-94558/home/17547420,BAREIS,323907247,N,Y,38.349588,-122.332544
MLS Listing,,Single Family Residential,54 Juniper Dr,Napa,CA,94558,660000,4,3.0,Napa,1530,9509,1984,26,431,50,Active,October-14-2023 12:00 PM,October-14-2023 02:00 PM,https://www.redfin.com/CA/Napa/54-Juniper-Dr-94558/home/12200915,BAREIS,323910624,N,Y,38.404271,-122.2125813
MLS Listing,,Single Family Residential,555 Crystal Springs Rd,St. Helena,CA,94574,1395000,2,2.5,St. Helena,1511,217800,1991,27,923,,Active,,,https://www.redfin.com/CA/Saint-Helena/555-Crystal-Springs-Rd-94574/home/12198664,BAREIS,323909594,N,Y,38.5464987,-122.4802914
MLS Listing,,Vacant Land,0 Zinnia Ln #73,Napa,CA,94558,27000,,,Circle Oaks,,11042,,27,,38,Active,,,https://www.redfin.com/CA/Napa/0-Zinnia-Ln-94558/unit-73/home/184810359,BAREIS,323910848,N,Y,38.407359,-122.206827
MLS Listing,,Single Family Residential,2188 Patton Ave,Napa,CA,94559,1195000,3,2.0,Napa,1226,15290,1955,27,975,,Active,,,https://www.redfin.com/CA/Napa/2188-Patton-Ave-94559/home/12213246,BAREIS,323909079,N,Y,38.2805274,-122.2567702
MLS Listing,,Single Family Residential,3018 Beecham St,Napa,CA,94558,779000,4,2.0,Napa,1484,5937,1966,27,525,,Active,,,https://www.redfin.com/CA/Napa/3018-Beecham-St-94558/home/12210463,BAREIS,323910747,N,Y,38.320347,-122.2890082
MLS Listing,,Mobile/Manufactured Home,305 Tammy Way,Napa,CA,94558,265000,2,2.0,Napa Valley,1248,,1993,27,212,,Active,,,https://www.redfin.com/CA/Napa/305-Tammy-Way-94558/home/22602930,BAREIS,323910584,N,Y,38.3493,-122.334
MLS Listing,,Single Family Residential,,St. Helena,CA,94574,19950000,5,6.0,St. Helena,8573,1800770,1985,27,2327,,Active,,,https://www.redfin.com/CA/Saint-Helena/Undisclosed-address-94574/home/12199818,BAREIS,323910053,N,Y,38.5182709,-122.3944574
MLS Listing,,Vacant Land,340 Black Oak Ln,Napa,CA,94558,82000,,,Napa,,11326,,27,,,Active,,,https://www.redfin.com/CA/Napa/340-Black-Oak-Ln-94558/home/176137982,BAREIS,323910394,N,Y,38.5072679,-122.1917037
MLS Listing,,Single Family Residential,15 Catania Ct,Napa,CA,94558,1585000,4,3.5,Ross Estates,3054,5706,2005,28,519,,Active,,,https://www.redfin.com/CA/Napa/15-Catania-Ct-94558/home/12223682,BAREIS,323909468,N,Y,38.3276156,-122.2910614
MLS Listing,,Vacant Land,272 Sugarloaf Dr,Napa,CA,94558,50000,,,Spanish Flat Woodland,,10890,,28,,,Active,,,https://www.redfin.com/CA/Napa/272-Sugarloaf-Dr-94558/home/187464061,BAREIS,323910442,N,Y,38.529039,-122.225483
MLS Listing,,Vacant Land,1370 Steele Canyon Rd,Napa,CA,94558,40000,,,Berryessa Highlands,,17424,,28,,,Active,,,https://www.redfin.com/CA/Napa/1370-Steele-Canyon-Rd-94558/home/187463911,BAREIS,323910429,N,Y,38.5127716,-122.1921893
MLS Listing,,Single Family Residential,2470 W Pueblo Ave,Napa,CA,94558,598000,2,1.0,Napa,1302,5662,1954,28,459,,Active,,,https://www.redfin.com/CA/Napa/2470-W-Pueblo-Ave-94558/home/12208003,BAREIS,323910141,N,Y,38.3119704,-122.3191845
MLS Listing,,Single Family Residential,1015 Hudson Ln,Napa,CA,94558,855000,3,2.5,NAPA,1635,9601,1959,28,523,,Active,,,https://www.redfin.com/CA/Napa/1015-Hudson-Ln-94558/home/12206250,MLSListings,ML81941750,N,Y,38.3025684,-122.3148025
MLS Listing,,Mobile/Manufactured Home,53 Magnolia Dr,Calistoga,CA,94515,149900,2,2.0,Calistoga Springs,1440,,1975,28,104,,Active,,,https://www.redfin.com/CA/Calistoga/53-Magnolia-Dr-94515/home/187460702,BAREIS,323910248,N,Y,38.5810189,-122.5735296
MLS Listing,,Single Family Residential,3000 Mount Veeder Rd,Napa,CA,94558,22000000,6,6.5,Napa,7154,5662800,1988,28,3075,,Active,,,https://www.redfin.com/CA/Napa/3000-Mount-Veeder-Rd-94558/home/187454533,BAREIS,323027317,N,Y,38.3753702,-122.4128579
MLS Listing,,Single Family Residential,4 Forrester Ln,Yountville,CA,94599,2995000,3,2.5,Washington Park,1980,,1998,28,1513,,Active,,,https://www.redfin.com/CA/Yountville/4-Forrester-Ln-94599/home/12202930,BAREIS,323907552,N,Y,38.4079969,-122.3593048
MLS Listing,,Single Family Residential,1005 Alpine Ct,Napa,CA,94558,1195000,4,2.5,Napa,2159,8246,1984,28,553,,Active,,,https://www.redfin.com/CA/Napa/1005-Alpine-Ct-94558/home/12215634,BAREIS,323908092,N,Y,38.2949451,-122.3388501
MLS Listing,,Mobile/Manufactured Home,24 San Lucas Ct,St. Helena,CA,94574,475000,2,2.0,Viineyard Valley,1584,,1978,29,300,1202,Active,,,https://www.redfin.com/CA/St-Helena/24-San-Lucas-Ct-94574/home/21829113,BAREIS,323909649,N,Y,38.5099882,-122.4588151
MLS Listing,,Townhouse,1869 Carignan Way,Yountville,CA,94599,1190000,3,2.0,Vintage,1352,2195,1984,29,880,617,Active,,,https://www.redfin.com/CA/Yountville/1869-Carignan-Way-94599/home/12202774,BAREIS,323909650,N,Y,38.4027074,-122.354435
MLS Listing,,Vacant Land,0 Long Ranch Rd,St. Helena,CA,94574,3500000,,,St. Helena,,2619698,,29,,,Active,,,https://www.redfin.com/CA/St-Helena/0-Long-Ranch-Rd-84574/home/147817000,BAREIS,323906472,N,Y,38.477337,-122.341448
MLS Listing,,Single Family Residential,727 Trotter Ln,Napa,CA,94558,1250000,3,2.0,Napa,1893,11086,1985,29,660,,Active,,,https://www.redfin.com/CA/Napa/727-Trotter-Ln-94558/home/12210521,BAREIS,323909818,N,Y,38.3181758,-122.2868914
MLS Listing,,Single Family Residential,435 Minahen St,Napa,CA,94559,849000,4,2.0,Napa,1728,6808,1963,29,491,,Active,,,https://www.redfin.com/CA/Napa/435-Minahen-St-94559/home/12189874,BAREIS,323909472,N,Y,38.2839064,-122.2983832
MLS Listing,,Mobile/Manufactured Home,304 Ginger St,Napa,CA,94558,355000,2,2.0,Sun Communties,1440,,1969,29,247,800,Active,,,https://www.redfin.com/CA/Napa/304-Ginger-Way-94558/home/184115273,BAREIS,323909504,N,Y,38.3483049,-122.3321638
MLS Listing,,Single Family Residential,2374 Gerald St,Napa,CA,94559,689000,3,2.0,Napa,1083,5741,1955,29,636,,Active,,,https://www.redfin.com/CA/Napa/2374-Gerald-St-94559/home/12209614,BAREIS,323909627,N,Y,38.2789029,-122.2983258
MLS Listing,,Single Family Residential,3200 Macleod St,Napa,CA,94558,859000,4,2.0,Napa,1611,6220,1966,30,533,,Active,,,https://www.redfin.com/CA/Napa/3200-Macleod-St-94558/home/12207682,BAREIS,323908016,N,Y,38.315782,-122.3215771
MLS Listing,,Condo/Co-op,3 Vanessa Ct E,Napa,CA,94558,510000,2,2.0,Napa,1212,,1984,31,421,395,Active,,,https://www.redfin.com/CA/Napa/3-Vanessa-Ct-E-94558/home/12209885,BAREIS,323909445,N,Y,38.2810184,-122.3037477
MLS Listing,,Mobile/Manufactured Home,300 Mark Way,Napa,CA,94558,274900,3,2.0,Sun Communities - Napa Valley,979,,2001,31,281,,Active,,,https://www.redfin.com/CA/Napa/300-Mark-Way-94558/home/21827964,BAREIS,323909436,N,Y,38.3487852,-122.3321638
MLS Listing,,Single Family Residential,69 Lerner Dr,Calistoga,CA,94515,1499000,3,2.0,Calistoga,1892,49658,1963,31,792,,Active,,,https://www.redfin.com/CA/Calistoga/69-Lerner-Dr-94515/home/109570821,BAREIS,323900568,N,Y,38.5748509,-122.5887262
MLS Listing,,Single Family Residential,136 Cherryview Ct,Napa,CA,94558,1050000,4,3.0,Cherryview Court,1687,7366,1996,33,622,,Active,,,https://www.redfin.com/CA/Napa/136-Cherryview-Ct-94558/home/12189559,BAREIS,323909107,N,Y,38.2887703,-122.3048387
MLS Listing,,Mobile/Manufactured Home,213 Daisy Dr,Napa,CA,94558,349900,2,2.0,Napa Valley Sun Community,1248,,1991,33,280,,Active,,,https://www.redfin.com/CA/Napa/213-Daisy-Dr-94558/home/22604013,BAREIS,323909064,N,Y,38.347406,-122.3296841
MLS Listing,,Single Family Residential,2550 Hawthorne Ct,Napa,CA,94558,649999,3,2.0,Napa,1238,5981,1957,33,525,,Active,,,https://www.redfin.com/CA/Napa/2550-Hawthorne-Ct-94558/home/12189135,BAREIS,323908062,N,Y,38.28941,-122.3032075
MLS Listing,,Single Family Residential,2395 Pickett Rd,Calistoga,CA,94515,7900000,3,4.0,Calistoga,3796,5243753,1999,33,2081,,Active,,,https://www.redfin.com/CA/Calistoga/2395-Pickett-Rd-94515/home/12197829,BAREIS,323908645,N,Y,38.598934,-122.546362
MLS Listing,,Single Family Residential,18 Deaver Ct,American Canyon,CA,94503,865000,5,3.0,Scally Ranch,2811,10611,2005,33,308,,Active,,,https://www.redfin.com/CA/American-Canyon/18-Deaver-Ct-94503/home/12223828,BAREIS,323907683,N,Y,38.1673746,-122.2481289
MLS Listing,,Mobile/Manufactured Home,22 San Lucas Ct,St. Helena,CA,94574,339000,2,2.0,Vineyard Valley,1344,,1973,33,252,,Active,,,https://www.redfin.com/CA/St-Helena/22-San-Lucas-Ct-94574/home/28440080,BAREIS,323907729,N,Y,38.509921,-122.4590332
MLS Listing,,Single Family Residential,6464 Washington St,Yountville,CA,94599,5150000,5,4.0,Yountville,3130,75359,1906,34,1645,,Active,,,https://www.redfin.com/CA/Yountville/6464-Washington-St-94599/home/12201958,BAREIS,323908257,N,Y,38.398745,-122.3568699
MLS Listing,,Condo/Co-op,4048 Old Sonoma Hwy #04,Napa,CA,94559,350000,2,2.0,Napa,1750,130680,2008,34,200,725,Active,,,https://www.redfin.com/CA/Napa/4048-Old-Sonoma-Hwy-94559/unit-04/home/187380870,BAREIS,323908628,N,Y,38.2550278,-122.3360387
MLS Listing,,Single Family Residential,10 Via Bellagio,American Canyon,CA,94503,949000,5,3.0,,3681,8698,2002,34,258,,Active,,,https://www.redfin.com/CA/American-Canyon/10-Via-Bellagio-94503/home/12221910,"bridgeMLS, Bay East AOR, or Contra Costa AOR",41038304,N,Y,38.1577166,-122.2372355
MLS Listing,,Single Family Residential,900 Las Posadas Rd,Angwin,CA,94508,1699900,5,4.0,Angwin,4838,217800,1974,34,351,,Active,,,https://www.redfin.com/CA/Angwin/900-Las-Posadas-Rd-94508/home/12199579,BAREIS,323907156,N,Y,38.5588172,-122.4191629
MLS Listing,,Townhouse,105 Wingard Cir,Napa,CA,94558,700000,2,2.5,,1405,2909,2000,34,498,,Active,October-15-2023 12:00 PM,October-15-2023 03:00 PM,https://www.redfin.com/CA/Napa/105-Wingard-Cir-94558/home/12193471,"bridgeMLS, Bay East AOR, or Contra Costa AOR",41037347,N,Y,38.3334281,-122.3224093
MLS Listing,,Multi-Family (2-4 Unit),350 Kortum Canyon Rd,Calistoga,CA,94515,6950000,7,7.5,Calistoga,5900,394218,1899,34,1178,,Active,October-15-2023 01:00 PM,October-15-2023 04:00 PM,https://www.redfin.com/CA/Calistoga/350-Kortum-Canyon-Rd-94515/home/12198578,BAREIS,323907959,N,Y,38.5705688,-122.5915679
MLS Listing,,Condo/Co-op,3478 Willis Dr,Napa,CA,94558,499500,2,1.5,Napa,958,854,1972,35,521,369,Active,October-15-2023 10:30 AM,October-15-2023 02:00 PM,https://www.redfin.com/CA/Napa/3478-Willis-Dr-94558/home/12204206,BAREIS,323906519,N,Y,38.3253957,-122.2984881
MLS Listing,,Single Family Residential,163 Milliken Creek Dr,Napa,CA,94558,1595000,3,3.0,Napa,2168,2117,1968,35,736,887,Active,,,https://www.redfin.com/CA/Napa/163-Milliken-Creek-Dr-94558/home/12219202,BAREIS,323908046,N,Y,38.35542,-122.261563
MLS Listing,,Single Family Residential,3219 Vichy Ave,Napa,CA,94558,7800000,5,6.5,Napa,5165,118483,1954,35,1510,,Active,,,https://www.redfin.com/CA/Napa/3219-Vichy-Ave-94558/home/12214490,BAREIS,323907851,N,Y,38.3327408,-122.2551307
MLS Listing,,Vacant Land,590 Wall Rd,Oakville,CA,94558,615000,,,Oakville,,456944,,35,,,Active,,,https://www.redfin.com/CA/Napa/590-Wall-Rd-94558/home/12200257,BAREIS,323907996,N,Y,38.424908,-122.4874768
MLS Listing,,Single Family Residential,2328 Roberto St,Napa,CA,94558,899000,4,3.0,Napa,1564,6486,1956,35,575,,Active,,,https://www.redfin.com/CA/Napa/2328-Roberto-St-94558/home/12208371,BAREIS,323907843,N,Y,38.3106514,-122.3173728
MLS Listing,,Vacant Land,817 Bahia Vista Ct,Napa,CA,94558,39000,,,Berryessa Highlands,,12197,,35,,,Active,,,https://www.redfin.com/CA/Napa/817-Bahia-Vista-Ct-94558/home/57040859,BAREIS,323907879,N,Y,38.51586,-122.188769
MLS Listing,,Single Family Residential,13 Jasmine St,Yountville,CA,94599,1795000,3,2.0,Yountville,1204,5528,1998,36,1491,,Active,,,https://www.redfin.com/CA/Yountville/13-Jasmine-St-94599/home/12202910,BAREIS,323900938,N,Y,38.4074632,-122.3618724
MLS Listing,,Single Family Residential,1160 Green Valley Rd,Napa,CA,94558,1895000,2,1.0,Napa,2299,242629,1954,36,824,,Active,,,https://www.redfin.com/CA/Napa/1160-Green-Valley-Rd-94558/home/12212173,BAREIS,323907595,N,Y,38.2855765,-122.2210039
MLS Listing,,Vacant Land,0 Browns Valley Rd,Napa,CA,94558,750000,,,Napa,,54014,,36,,,Active,,,https://www.redfin.com/CA/Unknown/Browns-Valley-Rd-94558/home/17546123,BAREIS,323906731,N,Y,38.305611,-122.33934
MLS Listing,,Single Family Residential,40 Long Ranch Rd,St. Helena,CA,94574,15000000,6,7.0,St. Helena,8500,1771150,2003,36,1765,,Active,,,https://www.redfin.com/CA/St-Helena/40-Long-Ranch-Rd-94574/home/2201914,BAREIS,323906470,N,Y,38.4714474,-122.3582015
MLS Listing,,Single Family Residential,3075 Dry Creek Rd,Napa,CA,94558,22000000,7,8.5,Napa,7766,2480742,2002,36,2833,,Active,,,https://www.redfin.com/CA/Napa/3075-Dry-Creek-Rd-94558/home/187342308,BAREIS,323906887,N,Y,38.33483,-122.3479961
MLS Listing,,Single Family Residential,1480 Tubbs Ln,Calistoga,CA,94515,13000000,5,5.5,Calistoga,6172,531432,1996,36,2106,,Active,,,https://www.redfin.com/CA/Calistoga/1480-Tubbs-Ln-94515/home/187338883,BAREIS,323900643,N,Y,38.6029055,-122.5940489
MLS Listing,,Single Family Residential,1718 Severus Dr,Vallejo,CA,94589,530000,4,2.0,Vallejo,1676,5663,1971,38,316,,Active,,,https://www.redfin.com/CA/Vallejo/1718-Severus-Dr-94589/home/2254449,BAREIS,323907499,N,Y,38.15522,-122.263594
MLS Listing,,Single Family Residential,533 Westgate Dr,Napa,CA,94558,2700000,3,3.5,Napa,3976,15377,2023,38,679,,Active,,,https://www.redfin.com/CA/Napa/533-Westgate-Dr-94558/home/12219941,BAREIS,323047556,N,Y,38.3531724,-122.2513196
MLS Listing,,Single Family Residential,2523 W Pueblo Ave,Napa,CA,94558,1125000,3,2.0,Napa,1928,8355,1958,38,584,,Active,,,https://www.redfin.com/CA/Napa/2523-W-Pueblo-Ave-94558/home/12206195,BAREIS,323904833,N,Y,38.3121001,-122.3221558
MLS Listing,,Vacant Land,2163 Stagecoach Canyon Rd,Pope Valley,CA,94567,45000,,,Lake Berryessa Estates 02,,15682,,38,,,Active,,,https://www.redfin.com/CA/Pope-Valley/2163-Stagecoach-Canyon-Rd-94567/home/187329449,BAREIS,323907417,N,Y,38.701965,-122.388186
MLS Listing,,Single Family Residential,18 Old Coach Rd,Napa,CA,94558,3899000,3,2.5,Hagen Oaks Estates,4182,43124,1994,39,932,167,Active,,,https://www.redfin.com/CA/Napa/18-Old-Coach-Rd-94558/home/12216567,BAREIS,323904906,N,Y,38.3209165,-122.2672054
MLS Listing,,Single Family Residential,1447 S Whitehall Ln,St. Helena,CA,94574,5500000,2,4.0,St. Helena,2758,100188,1980,39,1994,,Active,,,https://www.redfin.com/CA/Saint-Helena/1447-S-Whitehall-Ln-94574/home/12200211,BAREIS,323905459,N,Y,38.4674992,-122.4431673
MLS Listing,,Single Family Residential,168 Ridgecrest Dr,Napa,CA,94558,639900,3,2.0,,1747,9782,1986,40,366,,Active,,,https://www.redfin.com/CA/Napa/168-Ridgecrest-Dr-94558/home/12200789,"bridgeMLS, Bay East AOR, or Contra Costa AOR",41037895,N,Y,38.410114,-122.2183442
MLS Listing,,Townhouse,6600 Yount St #7,Yountville,CA,94599,749000,2,1.0,Hopper Creek Village,1056,401,1990,40,709,770,Active,October-13-2023 04:00 PM,October-13-2023 06:00 PM,https://www.redfin.com/CA/Yountville/6600-Yount-St-94599/unit-7/home/12202803,BAREIS,323907001,N,Y,38.4048687,-122.3625348
MLS Listing,,Vacant Land,540 Westgate Dr,Napa,CA,94558,329000,,,Napa,,14296,,40,,,Active,,,https://www.redfin.com/CA/Napa/540-Westgate-Dr-94558/home/12222117,BAREIS,323906980,N,Y,38.354377,-122.2515971
MLS Listing,,Single Family Residential,2846 - 2848 Monticello Rd,Napa,CA,94558,8995000,3,3.5,Napa,4382,3280068,2002,40,2053,,Active,,,https://www.redfin.com/CA/Napa/2846-Monticello-Rd-94558/home/12201177,BAREIS,323900661,N,Y,38.347432,-122.220527
MLS Listing,,Single Family Residential,2574 Wine Country Ave,Napa,CA,94558,904000,3,2.5,Napa,1771,5624,1991,40,510,,Active,,,https://www.redfin.com/CA/Napa/2574-Wine-Country-Ave-94558/home/12193337,BAREIS,323903238,N,Y,38.3294068,-122.3364148
MLS Listing,,Single Family Residential,1039 Rutherford Rd,Napa,CA,94559,2100000,3,1.0,Napa,1331,15734,1955,40,1578,,Active,,,https://www.redfin.com/CA/Napa/1039-Rutherford-Rd-94558/home/12200400,BAREIS,323906644,N,Y,38.461935,-122.4167737
MLS Listing,,Condo/Co-op,1314 Mckinstry St #2042,Napa,CA,94559,560000,1,1.0,Napa,567,575,2008,41,988,915,Active,,,https://www.redfin.com/CA/Napa/1314-McKinstry-St-94559/unit-2042/home/12224903,BAREIS,323053742,N,Y,38.3041226,-122.2836655
MLS Listing,,Single Family Residential,1655 Hemlock St,Napa,CA,94559,599000,2,1.0,Napa,725,5423,1952,41,826,,Active,,,https://www.redfin.com/CA/Napa/1655-Hemlock-St-94559/home/12190875,BAREIS,323905191,N,Y,38.2827885,-122.2921795
MLS Listing,,Single Family Residential,95 Longhorn Ridge Rd,Napa,CA,94558,1750000,3,2.5,Napa,3187,3408570,2006,42,549,400,Active,,,https://www.redfin.com/CA/Napa/95-Longhorn-Ridge-Rd-94558/home/12200714,BAREIS,323900953,N,Y,38.4073985,-122.1770648
MLS Listing,,Single Family Residential,90 Longhorn Ridge Rd,Napa,CA,94558,3895000,5,4.0,Napa,4870,2851438,2005,42,800,400,Active,,,https://www.redfin.com/CA/Napa/90-Longhorn-Ridge-Rd-94558/home/12200713,BAREIS,323900942,N,Y,38.4087693,-122.1738511
MLS Listing,,Single Family Residential,1229 Division St,Napa,CA,94559,2875000,4,4.5,Napa,4014,6534,1905,42,716,,Active,,,https://www.redfin.com/CA/Napa/1229-Division-St-94559/home/12187790,BAREIS,323900975,N,Y,38.2948234,-122.2852593
MLS Listing,,Single Family Residential,5 Saint Francis Cir,Napa,CA,94558,1495000,3,3.0,Oak Ridge,2748,9797,1990,43,544,,Active,,,https://www.redfin.com/CA/Napa/5-Saint-Francis-Cir-94558/home/12209934,BAREIS,323905116,N,Y,38.2751411,-122.306699
MLS Listing,,Vacant Land,2150 W Pueblo Ave,Napa,CA,94558,1100000,,,Napa,,44693,,43,,,Active,,,https://www.redfin.com/CA/Napa/2150-W-Pueblo-Ave-94558/home/12208070,BAREIS,323905233,N,Y,38.3134314,-122.3146159
MLS Listing,,Single Family Residential,227 Frontier St,American Canyon,CA,94503,689990,3,2.5,American Canyon,1701,3510,2023,43,406,140,Active,October-12-2023 12:00 PM,October-12-2023 03:00 PM,https://www.redfin.com/CA/Amcanyon/227-Frontier-St-Unknown/home/187218591,MetroList,323904976,N,Y,38.176039,-122.250319
MLS Listing,,Mobile/Manufactured Home,39 Camelia Dr,Napa,CA,94558,249950,2,2.0,Napa Valley Sun Community,1440,,1968,44,174,,Active,October-15-2023 10:30 AM,October-15-2023 12:30 PM,https://www.redfin.com/CA/Napa/39-Camelia-Dr-94558/home/187207380,BAREIS,323904263,N,Y,38.348111,-122.3312339
MLS Listing,,Single Family Residential,110 Marcus Rd,American Canyon,CA,94503,679990,4,2.5,Watson Ranch,1799,3690,2023,44,378,140,Active,October-12-2023 12:00 PM,October-12-2023 03:00 PM,https://www.redfin.com/CA/American-Canyon/110-Marcus-RD-94503/home/186357732,MetroList,323904917,N,Y,38.1749178,-122.2608044
MLS Listing,,Single Family Residential,4227 Maher St,Napa,CA,94558,1200000,4,2.5,Napa,2163,5218,1993,44,555,,Active,,,https://www.redfin.com/CA/Napa/4227-Maher-St-94558/home/12193412,BAREIS,323904846,N,Y,38.3339261,-122.3249433
MLS Listing,,Single Family Residential,1154 Ragatz Ln,Napa,CA,94558,2295000,3,2.0,Napa,1860,59242,1963,44,1234,,Active,,,https://www.redfin.com/CA/Napa/1154-Ragatz-Ln-94558/home/12202477,BAREIS,323051141,N,Y,38.3822364,-122.335507
MLS Listing,,Single Family Residential,139 Terrazzo Ln,American Canyon,CA,94503,1025000,4,3.5,American Canyon,2999,6499,2006,44,342,,Active,,,https://www.redfin.com/CA/American-Canyon/139-Terrazzo-Ln-94503/home/12224519,BAREIS,323900690,N,Y,38.1752728,-122.2489177
MLS Listing,,Single Family Residential,1124 Hudson Ave,St. Helena,CA,94574,1595000,3,2.0,St. Helena,1443,6483,1960,44,1105,,Active,,,https://www.redfin.com/CA/Saint-Helena/1124-Hudson-Ave-94574/home/12194553,BAREIS,323900385,N,Y,38.4969204,-122.470806
MLS Listing,,Vacant Land,5266 Old Sonoma Rd,Napa,CA,94559,2995000,,,Napa,,333670,,45,,,Active,,,https://www.redfin.com/CA/Napa/5266-Old-Sonoma-Rd-94559/home/12214118,BAREIS,323904716,N,Y,38.2577643,-122.3363195
MLS Listing,,Vacant Land,3571 Highway 128 Hwy,Calistoga,CA,94515,10500000,,,Calistoga,,6521803,,45,,,Active,,,https://www.redfin.com/CA/Calistoga/3571-State-Highway-128-94515/home/51573785,BAREIS,323904678,N,Y,38.6019918,-122.6279949
MLS Listing,,Single Family Residential,120 Viola Way,Angwin,CA,94508,790000,2,2.0,Angwin,2000,,1987,45,395,,Active,,,https://www.redfin.com/CA/Angwin/120-Viola-Way-94508/home/12199440,BAREIS,323904272,N,Y,38.5735216,-122.447321
MLS Listing,,Mobile/Manufactured Home,106 Ivy Ln,Calistoga,CA,94515,329999,3,2.0,Calistoga,1632,,2005,46,202,,Active,,,https://www.redfin.com/CA/Calistoga/106-Ivy-Ln-94515/home/17547060,BAREIS,323904253,N,Y,38.5820924,-122.5715561
MLS Listing,,Mobile/Manufactured Home,6468 Washington St #123,Yountville,CA,94599,349000,2,2.0,Rancho de Napa,1300,,1985,47,268,,Active,,,https://www.redfin.com/CA/Yountville/6468-Washington-St-94599/unit-123/home/12223050,BAREIS,323052729,N,Y,38.400443,-122.355254
MLS Listing,,Single Family Residential,3062 Soda Canyon Rd,Napa,CA,94558,1790000,5,4.0,Napa,3396,115870,1982,47,527,,Active,,,https://www.redfin.com/CA/Napa/3062-Soda-Canyon-Rd-94558/home/12200732,BAREIS,323049129,N,Y,38.4306728,-122.300808
MLS Listing,,Single Family Residential,54 El Monte Way,Napa,CA,94558,1450000,4,2.0,Oak Grove,1914,20020,1988,47,758,,Active,,,https://www.redfin.com/CA/Napa/54-El-Monte-Way-94558/home/12212210,BAREIS,323900288,N,Y,38.2970387,-122.264569
MLS Listing,,Vacant Land,1113 Rimrock Dr,Napa,CA,94558,198000,,,Napa,,10890,,47,,,Active,,,https://www.redfin.com/CA/Napa/1113-Rimrock-Dr-94558/home/12198163,BAREIS,323900415,N,Y,38.5083597,-122.1900587
MLS Listing,,Single Family Residential,154 Berryessa Dr,Napa,CA,94558,549000,3,2.0,Napa,2325,9670,1965,47,236,,Active,,,https://www.redfin.com/CA/Napa/154-Berryessa-Dr-94558/home/12197978,BAREIS,323900388,N,Y,38.6079385,-122.279456
MLS Listing,,Mobile/Manufactured Home,211 Champagne,Calistoga,CA,94515,189000,2,2.0,Chateau Calistoga,1800,,1977,47,105,,Active,,,https://www.redfin.com/CA/Calistoga/211-Champagne-W-94515/home/187126285,BAREIS,323900280,N,Y,38.5802271,-122.5712322
MLS Listing,,Mobile/Manufactured Home,315 Chablis S,Calistoga,CA,94515,320000,3,2.0,Chateau Calistoga,1640,,2005,47,195,,Active,,,https://www.redfin.com/CA/Calistoga/315-Chablis-S-94515/home/12225063,BAREIS,323900667,N,Y,38.580125,-122.570627
MLS Listing,,Vacant Land,1075 Rimrock Dr,Napa,CA,94558,105000,,,Berryessa Highlands,,18557,,47,,,Active,,,https://www.redfin.com/CA/Napa/1075-Rimrock-Dr-94558/home/12198136,BAREIS,323900950,N,Y,38.5097967,-122.1909677
MLS Listing,,Single Family Residential,4040 Spring Mountain Rd,St. Helena,CA,94574,5750000,4,4.5,St. Helena,4500,1742400,,47,1278,,Active,,,https://www.redfin.com/CA/Saint-Helena/4040-Spring-Mountain-Rd-94574/home/12198544,BAREIS,323053878,N,Y,38.5286543,-122.5479245
MLS Listing,,Single Family Residential,1421 Cedar St,Calistoga,CA,94515,1388000,4,1.5,Calistoga,2088,8830,1925,47,665,,Active,,,https://www.redfin.com/CA/Calistoga/1421-Cedar-St-94515/home/12195946,San Francisco MLS,323900622,N,Y,38.5776422,-122.5829256
MLS Listing,,Vacant Land,1128 Bennett Ln,Calistoga,CA,94515,1950000,,,Calistoga,,456509,,47,,,Active,,,https://www.redfin.com/CA/Calistoga/1128-Bennett-Ln-94515/home/12197631,BAREIS,323900153,N,Y,38.6008369,-122.6206439
MLS Listing,,Single Family Residential,127 Entrada Cir,American Canyon,CA,94503,799900,5,3.0,American Canyon,3024,6499,2002,47,265,,Active,,,https://www.redfin.com/CA/American-Canyon/127-Entrada-Cir-94503/home/12221541,BAREIS,323900897,N,Y,38.1611209,-122.2504348
MLS Listing,,Condo/Co-op,1314 Mckinstry St #2083,Napa,CA,94559,795000,1,1.0,Napa,723,732,2008,47,1100,915,Active,,,https://www.redfin.com/CA/Napa/1314-McKinstry-St-94559/unit-2083/home/12224878,BAREIS,323900356,N,Y,38.3041226,-122.2836655
MLS Listing,,Single Family Residential,106 Woodland Dr,Napa,CA,94558,1645000,3,2.5,Napa,2314,16988,1966,48,711,,Active,,,https://www.redfin.com/CA/Napa/106-Woodland-Dr-94558/home/12216488,BAREIS,323900249,N,Y,38.3197733,-122.2713481
MLS Listing,,Single Family Residential,3901 Lassen St,Napa,CA,94558,785000,3,2.0,Napa,1382,5998,1962,48,568,,Active,,,https://www.redfin.com/CA/Napa/3901-Lassen-St-94558/home/12203782,BAREIS,323900413,N,Y,38.3311896,-122.3136969
MLS Listing,,Single Family Residential,4183 Burgundy Way,Napa,CA,94558,945000,4,2.5,Napa,2102,6556,1973,48,450,,Active,,,https://www.redfin.com/CA/Napa/4183-Burgundy-Way-94558/home/12191933,BAREIS,323900053,N,Y,38.3266541,-122.3342902
MLS Listing,,Single Family Residential,1051 Monticello Rd,Napa,CA,94558,1100000,3,2.0,Napa,1437,19319,1956,48,765,,Active,,,https://www.redfin.com/CA/Napa/1051-Monticello-Rd-94558/home/12214600,BAREIS,323900156,N,Y,38.3269196,-122.2722786
MLS Listing,,Single Family Residential,1621 Hillview Pl,St. Helena,CA,94574,2675000,4,3.5,St. Helena,2452,7118,1935,48,1091,,Active,,,https://www.redfin.com/CA/Saint-Helena/1621-Hillview-Pl-94574/home/12193919,BAREIS,323900585,N,Y,38.5038882,-122.4774372
MLS Listing,,Single Family Residential,11 Kevin Ln,American Canyon,CA,94503,680000,3,2.5,Chesapeake,2037,3960,2001,48,334,145,Active,,,https://www.redfin.com/CA/American-Canyon/11-Kevin-Ln-94503/home/12220945,BAREIS,323900738,N,Y,38.1594456,-122.2408608
MLS Listing,,Single Family Residential,3342 Macleod St,Napa,CA,94558,810000,3,2.0,Napa,1125,6029,1961,48,720,,Active,,,https://www.redfin.com/CA/Napa/3342-Macleod-St-94558/home/12207388,BAREIS,323052451,N,Y,38.3179039,-122.3221558
MLS Listing,,Vacant Land,1698 D St,Napa,CA,94559,2400000,,,Napa,57934,57934,,48,41,,Active,,,https://www.redfin.com/CA/Napa/1698-D-St-94559/home/22606219,"bridgeMLS, Bay East AOR, or Contra Costa AOR",41037122,N,Y,38.301864,-122.300548
MLS Listing,,Single Family Residential,1413 Washington St,Calistoga,CA,94515,749000,1,1.0,Calistoga,840,3973,2000,48,892,,Active,,,https://www.redfin.com/CA/Calistoga/1413-Washington-St-94515/home/12195898,BAREIS,323900312,N,Y,38.5793982,-122.5817889
MLS Listing,,Single Family Residential,1200 Loma Vista Dr,Napa,CA,94558,14000000,5,7.5,Napa,6276,1497157,2022,48,2231,,Active,,,https://www.redfin.com/CA/Napa/1200-Loma-Vista-Dr-94558/home/12205758,BAREIS,323900475,N,Y,38.3819941,-122.2892022
MLS Listing,,Single Family Residential,1263 Carrell Ln,Napa,CA,94558,2400000,4,3.0,Napa,3330,18526,1964,50,721,,Active,,,https://www.redfin.com/CA/Napa/1263-Carrell-Ln-94558/home/12201353,BAREIS,323024622,N,Y,38.3665059,-122.3419717
MLS Listing,,Vacant Land,630 Sunnyside Rd,St. Helena,CA,94574,295000,,,St. Helena,7103,7103,,64,42,,Active,,,https://www.redfin.com/CA/Saint-Helena/630-Sunnyside-Rd-94574/home/12198851,"bridgeMLS, Bay East AOR, or Contra Costa AOR",41035377,N,Y,38.5380905,-122.471801
MLS Listing,,Single Family Residential,3577 Cascade St,Napa,CA,94558,885000,3,2.0,Bel Aire,1441,6721,1972,65,614,,Active,,,https://www.redfin.com/CA/Napa/3577-Cascade-St-94558/home/12204113,BAREIS,323053180,N,Y,38.3265281,-122.3021133
MLS Listing,,Townhouse,6600 Yount St #40,Yountville,CA,94599,899000,2,1.0,Hopper Creek Village,1056,536,1989,67,851,770,Active,,,https://www.redfin.com/CA/Yountville/6600-Yount-St-94599/unit-40/home/12202832,BAREIS,323053562,N,Y,38.4048687,-122.3625348
MLS Listing,,Single Family Residential,2529 Vine Hill Ct,Napa,CA,94558,915000,5,2.5,Napa,1759,5911,1973,68,520,,Active,,,https://www.redfin.com/CA/Napa/2529-Vine-Hill-Ct-94558/home/12192012,MetroList,323045184,N,Y,38.3274242,-122.3334923
MLS Listing,,Single Family Residential,2225 1st Ave,Napa,CA,94558,4820000,5,6.5,Napa,4652,435600,1978,69,1036,,Active,,,https://www.redfin.com/CA/Napa/2225-1st-Ave-94558/home/12215884,BAREIS,323053479,N,Y,38.317242,-122.2561155
MLS Listing,,Vacant Land,253 Sugarloaf Dr,Napa,CA,94558,87500,,,Spanish Flat Woodlan,,23087,,69,,,Active,,,https://www.redfin.com/CA/Napa/253-Sugarloaf-Dr-94558/home/174357893,BAREIS,323053960,N,Y,38.528629,-122.224322
MLS Listing,,Single Family Residential,2543 Pinot Way,St. Helena,CA,94574,2145000,3,2.0,St. Helena,1671,10968,1979,69,1284,,Active,October-15-2023 01:00 PM,October-15-2023 03:00 PM,https://www.redfin.com/CA/Saint-Helena/2543-Pinot-Way-94574/home/12194749,BAREIS,323054022,N,Y,38.4941404,-122.4774588
MLS Listing,,Vacant Land,259 Sugarloaf Dr,Napa,CA,94558,87500,,,Spanish Flat Woodlan,,16117,,69,,,Active,,,https://www.redfin.com/CA/Napa/259-Sugarloaf-Dr-94558/home/167117944,BAREIS,323053961,N,Y,38.5285787,-122.2247252
MLS Listing,,Single Family Residential,216 Knoll Pl,St. Helena,CA,94574,2075000,4,2.5,St. Helena,2369,16553,1987,69,876,147,Active,,,https://www.redfin.com/CA/Saint-Helena/216-Knoll-Pl-94574/home/12199894,BAREIS,323053939,N,Y,38.5213708,-122.4689707
MLS Listing,,Single Family Residential,1069 Shadybrook Ln,Napa,CA,94558,595000,4,3.5,Napa,3936,80150,1984,69,151,,Active,,,https://www.redfin.com/CA/Napa/1069-Shadybrook-Ln-94558/home/12216350,BAREIS,323053620,N,Y,38.2951462,-122.2197848
MLS Listing,,Single Family Residential,3800 Silverado Trl N,St. Helena,CA,94574,5995000,4,4.5,St. Helena,5372,146797,2007,70,1116,,Active,,,https://www.redfin.com/CA/Saint-Helena/3800-Silverado-Trl-N-94574/home/12198639,BAREIS,323051531,N,Y,38.557465,-122.504253
MLS Listing,,Mobile/Manufactured Home,703 Claret South,Calistoga,CA,94515,239000,2,2.0,Chateau Calistoga,1440,,1977,70,166,,Active,,,https://www.redfin.com/CA/Calistoga/703-Claret-S-94515/home/186301366,BAREIS,323053510,N,Y,38.578868,-122.568652
MLS Listing,,Vacant Land,1741 Pine St,Napa,CA,94559,725000,,,Napa,,16553,,70,,,Active,,,https://www.redfin.com/CA/Napa/1741-Pine-St-94559/home/143292436,BAREIS,323052938,N,Y,38.290731,-122.292631
MLS Listing,,Single Family Residential,20 Lupine Hill Rd,Napa,CA,94558,4750000,3,3.0,Napa,4091,540144,1979,70,1161,,Active,,,https://www.redfin.com/CA/Napa/20-Lupine-Hill-Rd-94558/home/12216108,BAREIS,323052070,N,Y,38.314772,-122.253826
MLS Listing,,Single Family Residential,1211 Niebaum Ln,Rutherford,CA,94573,3500000,2,3.5,Rutherford,2507,28636,1990,70,1396,,Active,,,https://www.redfin.com/CA/Rutherford/1211-Niebaum-Ln-94573/home/12200091,BAREIS,323052803,N,Y,38.455879,-122.422772
MLS Listing,,Single Family Residential,1254 Carrell Ln,Napa,CA,94558,1290000,3,2.0,Napa,1300,18570,1969,71,992,,Active,,,https://www.redfin.com/CA/Napa/1254-Carrell-Ln-94558/home/12201356,BAREIS,323052863,N,Y,38.3670037,-122.3417946
MLS Listing,,Single Family Residential,4113 Casper Way,Napa,CA,94558,1750000,3,3.5,Napa,2935,8032,2011,71,596,245,Active,,,https://www.redfin.com/CA/Napa/4113-Casper-Way-94558/home/22603928,BAREIS,323052692,N,Y,38.3067439,-122.3461442
MLS Listing,,Vacant Land,0 State Highway 128 Hwy,Napa,CA,94558,450000,,,Napa,,1824728,,71,,,Active,,,https://www.redfin.com/CA/Napa/0-State-Highway-128-HWY-94558/home/184803104,BAREIS,323047780,N,Y,38.3170536,-122.3019206
MLS Listing,,Vacant Land,3567 State Highway 128,Calistoga,CA,94515,10500000,,,Calistoga,,6521803,,72,,,Active,,,https://www.redfin.com/CA/Calistoga/3567-California-128-94515/home/186266163,BAREIS,323051086,N,Y,38.59842,-122.634654
MLS Listing,,Mobile/Manufactured Home,150 Silverado Trl #20,Napa,CA,94559,80000,2,1.5,Silverado Pines,984,,1973,72,81,,Active,,,https://www.redfin.com/CA/Napa/150-Silverado-Trl-94559/unit-20/home/22203551,BAREIS,323051996,N,Y,38.2890924,-122.2728878
MLS Listing,,Condo/Co-op,302 Underhill Dr,Napa,CA,94558,575000,2,1.5,Napa,1201,1428,1990,73,479,200,Active,,,https://www.redfin.com/CA/Napa/302-Underhill-Dr-94558/home/12190108,BAREIS,323052663,N,Y,38.2863255,-122.3047415
MLS Listing,,Single Family Residential,1117 3rd Ave,Napa,CA,94558,3550000,3,4.0,Napa,3055,78408,1979,73,1162,,Active,,,https://www.redfin.com/CA/Napa/1117-3rd-Ave-94558/home/12216414,BAREIS,323049218,N,Y,38.2996286,-122.2408829
MLS Listing,,Mobile/Manufactured Home,110 Champagne Dr,Yountville,CA,94599,274000,2,2.0,Bella Vista,1120,,1969,73,245,,Active,,,https://www.redfin.com/CA/Yountville/110-Champagne-Dr-94599/home/186256400,BAREIS,323050898,N,Y,38.3976396,-122.3551876
MLS Listing,,Single Family Residential,1916 N Kelly Rd,Napa,CA,94558,4950000,3,2.0,Napa,2024,217800,1962,75,2446,,Active,,,https://www.redfin.com/CA/Napa/1916-N-Kelly-Rd-94558/home/17246675,BAREIS,323050974,N,Y,38.233358,-122.2576099
MLS Listing,,Mobile/Manufactured Home,3130 Jefferson St #79,Napa,CA,94558,198000,4,1.5,Miller,800,,1964,75,248,,Active,,,https://www.redfin.com/CA/Napa/3130-Jefferson-St-94558/unit-79/home/186244417,BAREIS,323052332,N,Y,38.3172815,-122.297652
MLS Listing,,Single Family Residential,807 Deer Park Rd,St. Helena,CA,94574,1070000,3,2.0,St. Helena,1600,22833,1981,75,669,,Active,,,https://www.redfin.com/CA/Saint-Helena/807-Deer-Park-Rd-94574/home/12198724,BAREIS,323052088,N,Y,38.544537,-122.4697668
MLS Listing,,Vacant Land,4920 Dry Creek Rd,Napa,CA,94558,1895000,,,Napa,,2790889,,75,,,Active,,,https://www.redfin.com/CA/Napa/4920-Dry-Creek-Rd-94558/home/21822685,BAREIS,323050664,N,Y,38.377169,-122.378463
MLS Listing,,Single Family Residential,1121 Valley View St,St. Helena,CA,94574,1299000,3,2.0,St. Helena,1270,6734,1965,75,1023,,Active,October-15-2023 12:00 PM,October-15-2023 02:00 PM,https://www.redfin.com/CA/Saint-Helena/1121-Valley-View-St-94574/home/12194635,BAREIS,323051943,N,Y,38.4955676,-122.4731498
MLS Listing,,Mobile/Manufactured Home,61 Iris Dr,Calistoga,CA,94515,349000,3,2.0,Calistoga Springs Mobile Home Park,1800,,2005,75,194,,Active,,,https://www.redfin.com/CA/Calistoga/61-Iris-Dr-94515/home/12224659,BAREIS,323051434,N,Y,38.5829205,-122.5723809
MLS Listing,,Single Family Residential,2505 Redwood Rd,Napa,CA,94558,849000,3,2.0,Napa,1215,6142,1960,76,699,,Active,,,https://www.redfin.com/CA/Napa/2505-Redwood-Rd-94558/home/12207313,BAREIS,323050274,N,Y,38.3184702,-122.3231797
MLS Listing,,Single Family Residential,140 Marcus Rd,American Canyon,CA,94503,689990,4,3.0,Watson Ranch,1859,3690,2023,77,371,140,Active,October-12-2023 12:00 PM,October-12-2023 03:00 PM,https://www.redfin.com/CA/American-Canyon/140-Marcus-RD-94503/home/184811646,MetroList,323051741,N,Y,38.1749178,-122.2608044
MLS Listing,,Single Family Residential,3393 Crystal Ct,Napa,CA,94558,1290000,3,2.5,Napa,2357,10650,1986,77,547,,Active,October-15-2023 01:00 PM,October-15-2023 03:00 PM,https://www.redfin.com/CA/Napa/3393-Crystal-Ct-94558/home/12207294,BAREIS,323051642,N,Y,38.3175913,-122.3268942
MLS Listing,,Single Family Residential,1050 Round Hill Cir,Napa,CA,94558,1249999,4,3.0,NAPA,2470,7745,1975,79,506,,Active,,,https://www.redfin.com/CA/Napa/1050-Round-Hill-Cir-94558/home/12215378,MLSListings,ML81935985,N,Y,38.3035667,-122.3378286
MLS Listing,,Vacant Land,1011 Deputy Dr,Pope Valley,CA,94567,70000,,,Pope Valley,,13939,,81,,,Active,,,https://www.redfin.com/CA/Pope-Valley/1011-Deputy-Dr-94567/home/179807131,BAREIS,323050929,N,Y,38.703428,-122.37603
MLS Listing,,Vacant Land,0 Country Club Ln #263,Napa,CA,94558,45000,,,Circle Oaks,,9827,,81,,38,Active,,,https://www.redfin.com/CA/Napa/0-Country-Club-Ln-94558/unit-263/home/186185638,BAREIS,323050906,N,Y,38.4069044,-122.2049813
MLS Listing,,Condo/Co-op,157 Vineyard Cir,Yountville,CA,94599,815000,2,2.0,Yountville,1154,1481,1977,81,706,695,Active,,,https://www.redfin.com/CA/Yountville/157-Vineyard-Cir-94599/home/12202646,BAREIS,323047697,N,Y,38.4067541,-122.3589064
MLS Listing,,Single Family Residential,516 Sanitarium Rd,St. Helena,CA,94574,875000,2,1.0,St. Helena,816,25265,1948,82,1072,,Active,,,https://www.redfin.com/CA/Saint-Helena/516-Sanitarium-Rd-94574/home/12198832,BAREIS,323050776,N,Y,38.5360203,-122.4754493
MLS Listing,,Vacant Land,16 Live Oak Rd,Napa,CA,94558,102000,,,Spanish Flat Woodlands,,28236,,82,,,Active,,,https://www.redfin.com/CA/Napa/16-Live-Oak-Rd-94558/home/12198065,BAREIS,323050392,N,Y,38.5272533,-122.2210482
MLS Listing,,Single Family Residential,3225 Lake County Hwy,Calistoga,CA,94515,1800000,3,3.0,Calistoga,3038,1581664,1959,83,592,,Active,,,https://www.redfin.com/CA/Calistoga/3225-Lake-County-Hwy-94515/home/12197661,BAREIS,323049509,N,Y,38.60942,-122.598139
MLS Listing,,Single Family Residential,1503 Tainter St,St. Helena,CA,94574,1750000,2,1.0,St. Helena,1029,5746,1899,83,1701,,Active,,,https://www.redfin.com/CA/Saint-Helena/1503-Tainter-St-94574/home/12194038,BAREIS,323047426,N,Y,38.5020638,-122.471204
MLS Listing,,Condo/Co-op,1600 Atlas Peak Rd #270,Napa,CA,94558,895000,1,1.0,Napa,676,671,1968,83,1324,578,Active,,,https://www.redfin.com/CA/Napa/1600-Atlas-Peak-Rd-94558/unit-270/home/12219381,BAREIS,323047645,N,Y,38.3486798,-122.2646984
MLS Listing,,Single Family Residential,2176 N Monticello Rd,Napa,CA,94558,1875000,4,2.0,Napa,2665,143748,1880,83,704,,Active,,,https://www.redfin.com/CA/Napa/2176-Monticello-Rd-94558/home/12220057,BAREIS,323042447,N,Y,38.3449477,-122.2547041
MLS Listing,,Single Family Residential,720 Seminary St,Napa,CA,94559,2650000,3,3.5,Napa,3148,7083,1852,84,842,,Active,,,https://www.redfin.com/CA/Napa/720-Seminary-St-94559/home/12187749,BAREIS,323049007,N,Y,38.2950041,-122.2911968
MLS Listing,,Vacant Land,0 Westridge,Napa,CA,94558,49000,,,Napa,10169,10169,,86,5,,Active,,,https://www.redfin.com/CA/Unknown/Westridge-Dr-94558/home/17546679,"bridgeMLS, Bay East AOR, or Contra Costa AOR",41033327,N,Y,38.3396,-122.2992
MLS Listing,,Single Family Residential,1902 Cinnabar Ct,Calistoga,CA,94515,799000,3,2.0,Palisades,1318,5645,1993,88,606,,Active,,,https://www.redfin.com/CA/Calistoga/1902-Cinnabar-Ct-94515/home/12197266,BAREIS,323047331,N,Y,38.5896374,-122.5802045
MLS Listing,,Vacant Land,4640 Redwood Rd,Napa,CA,94558,199000,,,Napa,,103237,,89,,,Active,,,https://www.redfin.com/CA/Napa/4640-Redwood-Rd-94558/home/12201275,BAREIS,323048746,N,Y,38.34574,-122.403094
MLS Listing,,Single Family Residential,350 White Cottage Rd N,Angwin,CA,94508,699000,2,3.0,Angwin,878,20469,1940,89,796,,Active,,,https://www.redfin.com/CA/Angwin/350-White-Cottage-Rd-N-94508/home/12199276,BAREIS,323046222,N,Y,38.5792751,-122.4517884
MLS Listing,,Single Family Residential,618 Chaparral Cir,Napa,CA,94558,5590000,5,5.0,Silverado Highlands,6264,52272,2023,90,892,483,Active,October-15-2023 01:00 PM,October-15-2023 04:00 PM,https://www.redfin.com/CA/Napa/618-Chaparral-Cir-94558/home/12219859,BAREIS,323000427,N,Y,38.3584393,-122.2540893
MLS Listing,,Vacant Land,0 Capell Valley Cross Rd,Napa,CA,94558,439000,,,Napa,,87120,,91,,,Active,,,https://www.redfin.com/CA/Unknown/Capell-Valley-Cross-Rd-94558/home/184807417,BAREIS,323045221,N,Y,38.4710538,-122.2286497
MLS Listing,,Single Family Residential,1071 Steele Canyon Rd,Napa,CA,94558,1725000,3,2.5,Oakridge Estates,3089,486130,2000,91,558,91,Active,,,https://www.redfin.com/CA/Napa/1071-Steele-Canyon-Rd-94558/home/12198406,BAREIS,323046850,N,Y,38.5202035,-122.1866888
MLS Listing,,Vacant Land,0 Arrowhead Mountain Rd,Sonoma,CA,95476,3500000,,,Sonoma,,2581801,,92,,,Active,,,https://www.redfin.com/CA/Sonoma/Arrowhead-Mountain-Rd-95476/home/184805814,BAREIS,323032551,N,Y,38.2724931,-122.3945936
MLS Listing,,Vacant Land,1008 3rd Ave,Napa,CA,94558,995000,,,Napa,,25982,,92,,,Active,,,https://www.redfin.com/CA/Napa/1008-3rd-Ave-94558/home/12216244,BAREIS,323039392,N,Y,38.2952914,-122.2424784
MLS Listing,,Single Family Residential,1176 Loma Vista Dr,Napa,CA,94558,3850000,2,3.0,Napa,1856,258746,1906,92,2074,,Active,,,https://www.redfin.com/CA/Napa/1176-Loma-Vista-Dr-94558/home/12205759,BAREIS,323038573,N,Y,38.380535,-122.288863
MLS Listing,,Vacant Land,1776 Monticello Rd,Napa,CA,94558,2500000,,,Napa,,176854,,92,,,Active,,,https://www.redfin.com/CA/Napa/1776-Monticello-Rd-94558/home/12205648,BAREIS,323046223,N,Y,38.3357111,-122.2636385
MLS Listing,,Vacant Land,4250 Silverado Trl,Napa,CA,94558,7900000,,,Napa,,908662,,93,,,Active,,,https://www.redfin.com/CA/Napa/4250-Silverado-Trl-94558/home/12205683,BAREIS,323042804,N,Y,38.3262379,-122.276358
MLS Listing,,Single Family Residential,12 Bryan Ave,Napa,CA,94558,569000,2,1.0,Napa,747,5675,1941,95,762,,Active,,,https://www.redfin.com/CA/Napa/12-Bryan-Ave-94558/home/12188082,CRMLS,LC23120639,N,Y,38.2978547,-122.3090908
MLS Listing,,Single Family Residential,1671 Sulphur Springs Ave,St. Helena,CA,94574,2995000,3,3.0,St. Helena,2265,11705,1968,96,1322,,Active,,,https://www.redfin.com/CA/Saint-Helena/1671-Sulphur-Springs-Ave-94574/home/12200230,BAREIS,323045153,N,Y,38.4899486,-122.4608554
MLS Listing,,Single Family Residential,4405 Silverado Trl,Calistoga,CA,94515,1495000,3,2.0,Calistoga,1292,51401,1954,96,1157,,Active,,,https://www.redfin.com/CA/Calistoga/4405-Silverado-Trl-94515/home/12198584,BAREIS,323046579,N,Y,38.57608,-122.5355284
MLS Listing,,Mobile/Manufactured Home,313 Mark Way,Napa,CA,94558,284000,2,2.0,Napa Valley Sun Community,1040,,1982,96,273,,Active,,,https://www.redfin.com/CA/Napa/313-Mark-Way-94558/home/109571858,BAREIS,323045994,N,Y,38.3482538,-122.3330495
MLS Listing,,Single Family Residential,5238 Silverado Trl,Napa,CA,94558,4450000,5,4.0,Napa,3900,116741,1987,97,1141,,Active,,,https://www.redfin.com/CA/Napa/5238-Silverado-Trl-94558/home/12205714,BAREIS,323045052,N,Y,38.379473,-122.3084758
MLS Listing,,Vacant Land,139 Oak St,St. Helena,CA,94574,329000,,,St. Helena,,46666,,97,,,Active,,,https://www.redfin.com/CA/Saint-Helena/139-Oak-St-94574/home/12198739,BAREIS,323043833,N,Y,38.5430489,-122.4681858
MLS Listing,,Condo/Co-op,117 Milliken Creek Dr,Napa,CA,94558,2095000,4,3.5,Milliken Creek Cluster Homes,2698,1394,1969,98,777,856,Active,October-15-2023 12:00 PM,October-15-2023 03:00 PM,https://www.redfin.com/CA/Napa/117-Milliken-Creek-Dr-94558/home/12219192,BAREIS,323045385,N,Y,38.3572578,-122.2612457
MLS Listing,,Single Family Residential,1023 Congress Valley Rd,Napa,CA,94558,7600000,4,6.5,Napa,3846,49223,2023,98,1976,,Active,,,https://www.redfin.com/CA/Napa/1023-Congress-Valley-Rd-94558/home/12214067,BAREIS,323044453,N,Y,38.2840175,-122.3244365
MLS Listing,,Single Family Residential,204 Auberge Path #10,Napa,CA,94559,6645000,4,4.5,Stanley Ranch,3217,,,99,2066,1228,Active,,,https://www.redfin.com/CA/Napa/204-Auberge-Path-94559/unit-10/home/179112306,San Francisco MLS,323045652,N,Y,38.2437179,-122.3042703
MLS Listing,,Single Family Residential,1527 Juanita St,Napa,CA,94559,850000,4,2.0,Napa,1521,7022,1974,99,559,,Active,,,https://www.redfin.com/CA/Napa/1527-Juanita-St-94559/home/12213804,BAREIS,323044268,N,Y,38.2859813,-122.2561196
MLS Listing,,Mobile/Manufactured Home,2412 Foothill Blvd #71,Calistoga,CA,94515,160000,2,2.0,Rancho de Calistoga,1248,,1972,100,128,,Active,,,https://www.redfin.com/CA/Calistoga/2412-Foothill-Blvd-94515/unit-71/home/186004938,BAREIS,323045506,N,Y,38.5829825,-122.5903698
MLS Listing,,Single Family Residential,2106 Tablerock Ct,Calistoga,CA,94515,827700,3,2.0,Palisades,1294,5872,1993,102,640,,Active,,,https://www.redfin.com/CA/Calistoga/2106-Tablerock-Ct-94515/home/12197294,BAREIS,323045059,N,Y,38.5909039,-122.578973
MLS Listing,,Single Family Residential,3 Zinfandel Ln,St. Helena,CA,94574,17500000,3,2.5,St. Helena,2643,840708,1980,103,6621,,Active,,,https://www.redfin.com/CA/St-Helena/3-Zinfandel-Ln-94574/home/39988722,BAREIS,323037494,N,Y,38.497635,-122.427518
MLS Listing,,Vacant Land,112 W Carolyn Dr Dr,American Canyon,CA,94503,325000,,,American Canyon,,93654,,104,,,Active,,,https://www.redfin.com/CA/American-Canyon/112-W-Carolyn-Dr-94503/home/173934592,BAREIS,323044651,N,Y,38.1762873,-122.2618589
MLS Listing,,Single Family Residential,48 Bryan Ave,Napa,CA,94558,575000,2,1.0,Napa,765,5384,1941,105,752,,Active,,,https://www.redfin.com/CA/Napa/48-Bryan-Ave-94558/home/12188087,BAREIS,323044243,N,Y,38.2978644,-122.3100209
MLS Listing,,Vacant Land,0 Berryessa Knoxville Rd,Napa,CA,94558,1495000,,,Napa,,5226329,,105,,,Active,,,https://www.redfin.com/CA/Napa/Berryessa-Knoxville-Rd-94558/home/21823290,BAREIS,323044315,N,Y,38.793747,-122.352478
MLS Listing,,Vacant Land,509 Canon Park Dr,St. Helena,CA,94574,435000,,,St. Helena,,64469,,105,,,Active,,,https://www.redfin.com/CA/Saint-Helena/509-Canon-Park-Dr-94574/home/12198902,BAREIS,323043939,N,Y,38.5342521,-122.4724865
MLS Listing,,Vacant Land,0 W Pueblo Ave,Napa,CA,94558,650000,,,Napa,,24082,,105,,,Active,,,https://www.redfin.com/CA/Unknown/W-Pueblo-Ave-94558/home/21824531,BAREIS,323043673,N,Y,38.3122377,-122.3166068
MLS Listing,,Mobile/Manufactured Home,900 N Champagne Cir,Calistoga,CA,94515,174100,2,2.0,Chateau Calistoga,1248,,1978,106,140,,Active,,,https://www.redfin.com/CA/Calistoga/900-Champagne-N-94515/home/184532166,BAREIS,323044094,N,Y,38.582097,-122.5706579
MLS Listing,,Single Family Residential,1315 Crestmont Dr,Angwin,CA,94508,6300000,6,6.0,Angwin,5706,111949,1978,106,1104,,Active,,,https://www.redfin.com/CA/Angwin/1315-Crestmont-Dr-94508/home/12199953,BAREIS,323041883,N,Y,38.5481321,-122.4546365
MLS Listing,,Vacant Land,0 Soda Canyon Rd,Napa,CA,94558,20995000,,,Napa,,12109680,,106,,,Active,,,https://www.redfin.com/CA/Napa/0-Soda-Canyon-Rd-94558/home/183062755,BAREIS,323043956,N,Y,38.4386667,-122.3055353
MLS Listing,,Single Family Residential,10 Lupine Hill Rd,Napa,CA,94558,4990000,4,4.0,Napa,5726,517928,1980,106,871,,Active,,,https://www.redfin.com/CA/Napa/10-Lupine-Hill-Rd-94558/home/12216107,BAREIS,323043860,N,Y,38.3137809,-122.2537649
MLS Listing,,Mobile/Manufactured Home,415 Burgundy Cir S,Calistoga,CA,94515,184000,2,2.0,Chateau Calistoga,1250,,1976,110,147,,Active,,,https://www.redfin.com/CA/Calistoga/415-Burgundy-S-94515/home/185887698,BAREIS,323043442,N,Y,38.5798531,-122.5701085
MLS Listing,,Single Family Residential,14 Blackwood Ct,Napa,CA,94558,799000,5,3.5,Circle Oaks,2824,10075,1995,111,283,33,Active,,,https://www.redfin.com/CA/Napa/14-Blackwood-Ct-94558/home/12200864,BAREIS,323040166,N,Y,38.4080706,-122.2123596
MLS Listing,,Vacant Land,2077 Soda Canyon Rd,Napa,CA,94558,1995000,,,Napa,,1834312,,111,,,Active,,,https://www.redfin.com/CA/Napa/2077-Soda-Canyon-Rd-94558/home/12205722,BAREIS,323042404,N,Y,38.394719,-122.29341
MLS Listing,,Single Family Residential,1037 Shady Brook Ln,Napa,CA,94558,1750000,2,2.0,Napa,2131,105851,1951,111,821,,Active,,,https://www.redfin.com/CA/Napa/1037-Shadybrook-Ln-94558/home/12216353,BAREIS,323037666,N,Y,38.2939732,-122.2211368
MLS Listing,,Vacant Land,0 Shady Brook Ln,Napa,CA,94558,985000,,,Napa,,51836,,112,,,Active,,,https://www.redfin.com/CA/Unknown/Shadybrook-Ln-94558/home/17546881,BAREIS,323038145,N,Y,38.29451,-122.221626
MLS Listing,,Vacant Land,3765 - 3765 E Highway 128,St. Helena,CA,94574,550000,,,St. Helena,,7840800,,112,,,Active,,,https://www.redfin.com/CA/Saint-Helena/3765-E-Highway-128-94574/home/12199873,BAREIS,323041844,N,Y,38.5012313,-122.2644361
MLS Listing,,Single Family Residential,1670 Spring St,St. Helena,CA,94574,2095000,3,3.0,St. Helena,2384,7655,1998,112,879,,Active,,,https://www.redfin.com/CA/Saint-Helena/1670-Spring-St-94574/home/12194296,BAREIS,323041327,N,Y,38.5003132,-122.472392
MLS Listing,,Single Family Residential,127 Ullman Ct,Napa,CA,94559,1199000,4,2.5,Napa,2632,5001,2007,112,456,,Active,,,https://www.redfin.com/CA/Napa/127-Ullman-Ct-94559/home/17246718,BAREIS,323041764,N,Y,38.2897425,-122.2686906
MLS Listing,,Vacant Land,0 Golden Gate Dr,Napa,CA,94559,799000,,,Napa,,180774,,114,,,Active,,,https://www.redfin.com/CA/Napa/0-Golden-Gate-DR-94559/home/177896351,BAREIS,323041988,N,Y,38.22965,-122.3220894
MLS Listing,,Condo/Co-op,906 Marina Dr,Napa,CA,94559,855000,3,2.5,Newport North,1803,815,1980,114,474,555,Active,,,https://www.redfin.com/CA/Napa/906-Marina-Dr-94559/home/12209687,BAREIS,323041887,N,Y,38.2799163,-122.2849051
MLS Listing,,Single Family Residential,875 White Cottage Rd N,Angwin,CA,94508,3495000,2,2.0,Angwin,2388,261360,2000,114,1464,,Active,,,https://www.redfin.com/CA/Angwin/875-White-Cottage-Rd-N-94508/home/12197924,BAREIS,323041857,N,Y,38.5922325,-122.4485534
MLS Listing,,Single Family Residential,2723 Monticello Rd,Napa,CA,94558,1999999,4,3.0,Napa,2932,240016,1972,114,682,,Active,,,https://www.redfin.com/CA/Napa/2723-Monticello-Rd-94558/home/12201029,BAREIS,323041346,N,Y,38.3525887,-122.2314203
MLS Listing,,Vacant Land,0 Westridge Lot #245 Dr,Napa,CA,94558,70000,,,Berryessa Highlands,,10890,,116,,,Active,,,https://www.redfin.com/CA/Napa/Westridge-Lot-245-DR-Unknown/home/185806824,BAREIS,323040233,N,Y,38.2975381,-122.286865
MLS Listing,,Condo/Co-op,4048 Sonoma Hwy Unit 31B,Napa,CA,94558,345000,2,2.0,Napa,1750,119354,2008,117,197,725,Active,,,https://www.redfin.com/CA/Napa/4048-Sonoma-Hwy-94559/unit-31B/home/185792495,BAREIS,323041325,N,Y,38.2557651,-122.3353094
MLS Listing,,Mobile/Manufactured Home,157 Wisteria Dr,Calistoga,CA,94515,285000,2,2.0,Not Listed,1040,,,117,274,,Active,,,https://www.redfin.com/CA/Calistoga/157-Wisteria-Dr-94515/home/28570809,"bridgeMLS, Bay East AOR, or Contra Costa AOR",41026300,N,Y,38.5803518,-122.5722484
MLS Listing,,Single Family Residential,541 Westgate Dr,Napa,CA,94558,1795000,3,2.5,Napa,2972,15625,1979,118,604,,Active,,,https://www.redfin.com/CA/Napa/541-Westgate-Dr-94558/home/12219908,BAREIS,323039955,N,Y,38.3541981,-122.2505389
MLS Listing,,Single Family Residential,330 Alta Mesa Cir,Napa,CA,94558,1495000,3,2.5,Napa,2731,5049,1998,118,547,483,Active,October-15-2023 01:00 PM,October-15-2023 03:00 PM,https://www.redfin.com/CA/Napa/330-Alta-Mesa-Cir-94558/home/12220186,BAREIS,323039963,N,Y,38.3568553,-122.2517849
MLS Listing,,Single Family Residential,7010 State Highway 128,Napa,CA,94558,949000,3,2.0,NAPA,1594,2728163,2001,118,595,,Active,,,https://www.redfin.com/CA/Napa/7010-State-Highway-128-94558/home/12200938,MLSListings,ML81931944,N,Y,38.474945,-122.138765
MLS Listing,,Condo/Co-op,3483 Valle Verde Dr,Napa,CA,94558,479000,2,1.5,Napa,970,1015,1972,119,494,355,Active,,,https://www.redfin.com/CA/Napa/3483-Valle-Verde-Dr-94558/home/12204228,BAREIS,323039860,N,Y,38.3260192,-122.2929465
MLS Listing,,Single Family Residential,100 Longhorn Ridge Rd,Napa,CA,94558,4745000,4,3.5,Longhorn Ridge,4558,6664680,2002,119,1041,417,Active,,,https://www.redfin.com/CA/Napa/100-Longhorn-Ridge-Rd-94558/home/12200715,BAREIS,323038388,N,Y,38.4078486,-122.1729091
MLS Listing,,Single Family Residential,1600 Adams St,St. Helena,CA,94574,1950000,2,2.0,St. Helena,1045,4234,2023,119,1866,,Active,,,https://www.redfin.com/CA/Saint-Helena/1600-Adams-St-94574/home/12194199,BAREIS,323039551,N,Y,38.5020925,-122.4737247
MLS Listing,,Single Family Residential,7816 Silverado Trl,Napa,CA,94558,5995000,3,3.5,Napa,3975,1806433,1994,120,1508,,Active,,,https://www.redfin.com/CA/Napa/7816-Silverado-Trl-94558/home/12200504,BAREIS,323032692,N,Y,38.4616796,-122.3647941
MLS Listing,,Vacant Land,180 Mund Rd,St. Helena,CA,94574,995000,,,St. Helena,,588060,,120,,,Active,,,https://www.redfin.com/CA/Saint-Helena/180-Mund-Rd-94574/home/12198887,BAREIS,323040061,N,Y,38.5306304,-122.4657645
MLS Listing,,Single Family Residential,3353 Old Lawley Toll Rd,Calistoga,CA,94515,1700000,3,2.0,Calistoga,1848,1720620,1986,121,920,,Active,,,https://www.redfin.com/CA/Calistoga/3353-Old-Lawley-Toll-Rd-94515/home/161440292,BAREIS,323034404,N,Y,38.6170129,-122.5898084
MLS Listing,,Mobile/Manufactured Home,201 Jane Way,Napa,CA,94558,287500,2,2.0,Oaktree Vineyard,1056,,1984,121,272,1010,Active,,,https://www.redfin.com/CA/Napa/201-Jane-Way-94558/home/12223315,BAREIS,323035782,N,Y,38.33763,-122.3245915
MLS Listing,,Single Family Residential,3100 Soda Canyon Rd,Napa,CA,94558,875000,2,2.0,Napa,928,119790,1982,121,943,,Active,,,https://www.redfin.com/CA/Napa/3100-Soda-Canyon-Rd-94558/home/12200731,BAREIS,323039765,N,Y,38.430846,-122.3003651
MLS Listing,,Single Family Residential,2004 Wine Country Ave,Napa,CA,94558,1450000,4,3.5,Not Listed,2354,5022,2023,122,616,,Active,,,https://www.redfin.com/CA/Napa/2004-Wine-Country-Ave-94558/home/176796689,"bridgeMLS, Bay East AOR, or Contra Costa AOR",41030025,N,Y,38.3327436,-122.3302597
MLS Listing,,Single Family Residential,2034 Wine Country Ave,Napa,CA,94558,1895590,4,3.5,Not Listed,2846,5168,2023,122,666,,Active,,,https://www.redfin.com/CA/Napa/2034-Wine-Country-Ave-94558/home/176796685,"bridgeMLS, Bay East AOR, or Contra Costa AOR",41030023,N,Y,38.3324426,-122.3308954
MLS Listing,,Mobile/Manufactured Home,311 Mark Way,Napa,CA,94558,299000,3,2.0,Napa Valley Sun Community,1404,,2005,122,213,747,Active,,,https://www.redfin.com/CA/Napa/311-Mark-Way-94558/home/12224635,BAREIS,323038361,N,Y,38.3482345,-122.3328723
MLS Listing,,Vacant Land,0 Trubody Ln,Napa,CA,94558,12500000,,,Napa,,2052983,,123,,,Active,,,https://www.redfin.com/CA/Unknown/Trubody-Ln-94558/home/185709398,BAREIS,323037148,N,Y,38.3775409,-122.335099
MLS Listing,,Single Family Residential,2000 Atlas Peak Rd,Napa,CA,94558,14300000,7,8.5,Napa,8200,125453,2010,125,1744,,Active,,,https://www.redfin.com/CA/Napa/2000-Atlas-Peak-Rd-94558/home/12219790,BAREIS,323038157,N,Y,38.3623975,-122.2662306
MLS Listing,,Multi-Family (2-4 Unit),1300 Wooden Valley Rd,Napa,CA,94558,5498000,4,3.5,Napa,3203,2722500,1972,126,1717,,Active,,,https://www.redfin.com/CA/Napa/1300-Wooden-Valley-Rd-94558/home/12201008,BAREIS,323036027,N,Y,38.384427,-122.191339
MLS Listing,,Mobile/Manufactured Home,770 Lincoln Ave #6,Napa,CA,94558,179900,2,1.0,Napa Valley Manor,854,,2004,127,211,,Active,,,https://www.redfin.com/CA/Napa/770-Lincoln-Ave-94558/unit-6/home/40492018,BAREIS,323037837,N,Y,38.312826,-122.2888046
MLS Listing,,Mobile/Manufactured Home,16 Los Robles Ct,St. Helena,CA,94574,399000,2,2.0,Vineyard Valley Mobile Home Park,1440,,1986,127,277,,Active,October-15-2023 12:00 PM,October-15-2023 03:00 PM,https://www.redfin.com/CA/Saint-Helena/16-Los-Robles-Ct-94574/home/12223029,BAREIS,323034263,N,Y,38.5114264,-122.4588209
MLS Listing,,Vacant Land,,American Canyon,CA,94503,950000,,,AMERICAN CANYON,,1378674,,128,,,Active,,,https://www.redfin.com/CA/American-Canyon/Undisclosed-address-94503/home/185643328,MLSListings,ML81930729,N,Y,38.1749178,-122.2608044
MLS Listing,,Townhouse,885 Marina Dr,Napa,CA,94559,900000,3,2.5,Napa,1838,797,1979,128,490,555,Active,,,https://www.redfin.com/CA/Napa/885-Marina-Dr-94559/home/12209675,BAREIS,323035569,N,Y,38.279157,-122.284494
MLS Listing,,Single Family Residential,5090 State Highway 128,Napa,CA,94558,764000,3,2.0,Napa,2084,298822,1962,129,367,,Active,,,https://www.redfin.com/CA/Napa/5090-State-Highway-128-94558/home/12200698,BAREIS,323037720,N,Y,38.4409305,-122.192054
MLS Listing,,Vacant Land,106 Westgate Dr,Napa,CA,94558,1100000,,,Napa,,24829,,130,,,Active,,,https://www.redfin.com/CA/Napa/106-Westgate-Dr-94558/home/12219793,BAREIS,323037523,N,Y,38.3630751,-122.2649861
MLS Listing,,Single Family Residential,1617 Inglewood Ave,St. Helena,CA,94574,5500000,3,3.5,St. Helena,3753,11700,2018,132,1465,,Active,,,https://www.redfin.com/CA/Saint-Helena/1617-Inglewood-Ave-94574/home/12200030,BAREIS,323030491,N,Y,38.484686,-122.453049
MLS Listing,,Single Family Residential,20 Bonita Ave,Napa,CA,94559,1079000,3,2.0,Napa,1438,5645,1950,132,750,,Active,,,https://www.redfin.com/CA/Napa/20-Bonita-Ave-94559/home/12191207,BAREIS,323034001,N,Y,38.3012487,-122.2713083
MLS Listing,,Townhouse,1152 Walnut St,Napa,CA,94559,674888,3,2.0,NAPA,1268,1746,1975,133,532,396,Active,,,https://www.redfin.com/CA/Napa/1152-Walnut-St-94559/home/12187128,MLSListings,ML81928512,N,Y,38.2993563,-122.2988436
MLS Listing,,Single Family Residential,2080 Mount Veeder Rd,Napa,CA,94558,1500000,3,2.0,Napa,2512,437342,1938,133,597,,Active,,,https://www.redfin.com/CA/Napa/2080-Mount-Veeder-Rd-94558/home/12201451,BAREIS,323034651,N,Y,38.3628036,-122.4065745
MLS Listing,,Vacant Land,18 Chestnut Ct,Napa,CA,94558,125000,,,Circle Oaks,,10433,,133,,29,Active,,,https://www.redfin.com/CA/Napa/18-Chestnut-Ct-94558/home/79069148,BAREIS,323035010,N,Y,38.4036673,-122.2066475
MLS Listing,,Vacant Land,1085 Rimrock Dr,Napa,CA,94558,98000,,,Berryessa Highlands,,10724,,134,,,Active,,,https://www.redfin.com/CA/Napa/1085-Rimrock-Dr-94558/home/12198138,BAREIS,323035255,N,Y,38.5094569,-122.1908125
MLS Listing,,Vacant Land,1091 Rimrock Dr,Napa,CA,94558,120000,,,Berryessa Highlands,,10711,,134,,,Active,,,https://www.redfin.com/CA/Napa/1091-Rimrock-Dr-94558/home/12198146,BAREIS,323035966,N,Y,38.5090918,-122.1906795
MLS Listing,,Mobile/Manufactured Home,6468 Washington St #175,Yountville,CA,94599,295000,2,2.0,Rancho de Napa,1440,,1972,134,205,,Active,,,https://www.redfin.com/CA/Yountville/6468-Washington-St-94599/unit-175/home/39579282,BAREIS,323034212,N,Y,38.400443,-122.355254
MLS Listing,,Condo/Co-op,1120 Peppertree Cir,St. Helena,CA,94574,759000,3,2.0,Peppertree,1320,2410,1980,134,575,375,Active,,,https://www.redfin.com/CA/Saint-Helena/1120-Peppertree-Cir-94574/home/12194955,BAREIS,323029887,N,Y,38.5090655,-122.4595814
MLS Listing,,Condo/Co-op,588 Main St #314,Napa,CA,94559,1550000,2,2.0,Napa,1575,832,2009,137,984,655,Active,,,https://www.redfin.com/CA/Napa/588-Main-St-94559/unit-314/home/28893455,BAREIS,323033966,N,Y,38.2965877,-122.2832017
MLS Listing,,Single Family Residential,1605 Sylvaner Ave,St. Helena,CA,94574,2550000,3,3.0,St. Helena,1974,8864,1978,138,1292,,Active,,,https://www.redfin.com/CA/Saint-Helena/1605-Sylvaner-Ave-94574/home/12194863,BAREIS,323027789,N,Y,38.4930936,-122.4805346
MLS Listing,,Single Family Residential,2551 Grant St,Calistoga,CA,94515,6495000,6,5.0,Calistoga,6197,124146,1881,138,1048,,Active,,,https://www.redfin.com/CA/Calistoga/2551-Grant-St-94515/home/12196991,BAREIS,323032337,N,Y,38.5890338,-122.5912101
MLS Listing,,Condo/Co-op,588 Main St #210,Napa,CA,94559,790000,1,1.0,Napa,948,871,2009,140,833,500,Active,,,https://www.redfin.com/CA/Napa/588-Main-St-94559/unit-210/home/28893439,BAREIS,323034623,N,Y,38.2965877,-122.2832017
MLS Listing,,Single Family Residential,1165 Green Valley Rd,Napa,CA,94558,16400000,6,7.0,Napa,7810,472626,2013,140,2100,,Active,,,https://www.redfin.com/CA/Napa/1165-Green-Valley-Rd-94558/home/12212181,BAREIS,323025801,N,Y,38.2867004,-122.2241523
